ProteinGroupId	q-value	posterior_error_prob	score	numPeptides	proteinIds
sp|P02769|ALBU_BOVIN	0.066667	NA	13.790462	33	sp|P02769|ALBU_BOVIN
ACOM022823-PA	0.066667	NA	7.394469	2	ACOM022823-PA,ACOM042500-PA,AGAP008622-PA,AGAP008622-RA_2+,AGAP010929-PA,AGAP010929-RA_3+,CUFF.10119.1_3+
ACOM031357-PA	0.066667	NA	6.983773	2	ACOM031357-PA,AGAP007041-PA,AGAP007041-RA_1+
gi|1346343|sp|P04264|K2C1_HUMAN	0.066667	NA	6.948142	5	gi|1346343|sp|P04264|K2C1_HUMAN
gi|39794653|gb|AAH63697.1|	0.066667	NA	6.948142	6	gi|39794653|gb|AAH63697.1|
ACOM027314-PA	0.066667	NA	6.785344	3	ACOM027314-PA,AGAP009099-PA,AGAP009099-RA_3+,CUFF.10723.3_1+
ACOM026392-PA	0.066667	NA	5.769964	1	ACOM026392-PA,AGAP012225-PA,AGAP012225-RA_1+,CUFF.9139.1_3+
gi|15559584|gb|AAH14152.1|	0.066667	NA	5.568820	1	gi|15559584|gb|AAH14152.1|,gi|18999435|gb|AAH24292.1|,gi|21961227|gb|AAH34535.1|,gi|27503816|gb|AAH42132.1|,gi|46812692|gb|AAH69269.1|
gi|21961605|gb|AAH34697.1|	0.066667	NA	5.358979	4	gi|21961605|gb|AAH34697.1|
ACOM023090-PA	0.066667	NA	5.322421	1	ACOM023090-PA,AGAP011100-PD,AGAP011100-RA_1+,CUFF.7827.1_2+,CUFF.7827.3_2+,CUFF.7827.5_1+
gi|14602965|gb|AAH09971.1|	0.066667	NA	4.897076	2	gi|14602965|gb|AAH09971.1|,gi|6016413|sp|Q15323|K1H1_HUMAN
gi|15080273|gb|AAH11901.1|	0.066667	NA	4.897076	1	gi|15080273|gb|AAH11901.1|,gi|17512236|gb|AAH19097.1|,gi|18089255|gb|AAH20982.1|,gi|24659602|gb|AAH39169.1|,gi|27769301|gb|AAH42437.1|,gi|33991652|gb|AAH56421.1|,gi|34783124|gb|AAH02539.2|
ACOM034418-PA	0.066667	NA	4.843474	2	ACOM034418-PA,AGAP001649-PA,AGAP001649-RA_1+,CUFF.3430.1_2+,CUFF.3430.2_1+
gi|136429|sp|P00761|TRYP_PIG	0.066667	NA	4.799735	2	gi|136429|sp|P00761|TRYP_PIG
ACOM032897-PA	0.066667	NA	4.566846	2	ACOM032897-PA,CUFF.11018.1_3+,CUFF.11018.2_3+
ACOM041694-PA	0.187500	NA	4.303480	1	ACOM041694-PA,AGAP010510-PA,AGAP010510-RA_1+,CUFF.7003.2_1+
TCONS_00039659_2+	0.217391	NA	3.907764	1	TCONS_00039659_2+
CUFF.342.6_1+	0.217391	NA	3.887092	1	CUFF.342.6_1+
CUFF.8877.1_3+	0.217391	NA	3.855440	1	CUFF.8877.1_3+
AGAP010911-RA_3+	0.217391	NA	3.664592	1	AGAP010911-RA_3+
ACOM026015-PA	0.217391	NA	3.552340	1	ACOM026015-PA
AGAP007726-PA	0.217391	NA	3.552340	2	AGAP007726-PA,AGAP007726-RA_1+,AGAP007726-RB_1+,CUFF.2941.1_2+,CUFF.2941.2_1+,CUFF.2941.3_2+,CUFF.2941.4_3+,CUFF.2941.5_3+
CUFF.560.1_2+	0.217391	NA	3.552190	1	CUFF.560.1_2+
TCONS_00028013_3+	0.375000	NA	3.415038	1	TCONS_00028013_3+
AGAP012372-RA_2+	0.384615	NA	3.376408	1	AGAP012372-RA_2+,CUFF.9341.1_1+,CUFF.9341.2_3+,CUFF.9341.3_3+,CUFF.9341.4_3+,CUFF.9341.5_1+,CUFF.9341.6_1+,CUFF.9341.7_1+,CUFF.9341.8_2+
AGAP000222-RA_2+	0.384615	NA	3.375796	1	AGAP000222-RA_2+,AGAP000222-RB_2+,CUFF.16246.1_1+,CUFF.16246.2_1+,CUFF.16246.3_1+,CUFF.16246.4_1+,CUFF.16246.5_1+,CUFF.16246.8_2+
CUFF.11141.2_2+	0.444444	NA	3.284008	1	CUFF.11141.2_2+
ACOM029333-PA	0.464286	NA	3.266864	1	ACOM029333-PA,AGAP009943-PA,AGAP009943-RA_1+
AGAP002379-RA_1+	0.513514	NA	3.125787	1	AGAP002379-RA_1+,CUFF.4121.1_3+,CUFF.4121.2_1+,CUFF.4121.3_2+,CUFF.4121.4_1+,CUFF.4121.5_1+,CUFF.4121.6_3+
CUFF.12046.1_1+	0.513514	NA	3.114403	1	CUFF.12046.1_1+
ACOM033710-PA	0.513514	NA	3.108253	1	ACOM033710-PA,AGAP001157-PA,AGAP001157-RA_1+
TCONS_00026717_3+	0.513514	NA	3.080156	1	TCONS_00026717_3+
AGAP009373-PA	0.513514	NA	3.061065	1	AGAP009373-PA,AGAP009373-RA_3+
CUFF.16123.3_2+	0.513514	NA	3.052296	1	CUFF.16123.3_2+
CUFF.9014.1_1+	0.513514	NA	3.048267	1	CUFF.9014.1_1+,CUFF.9014.3_2+,CUFF.9014.4_2+
AGAP003560-RA_3+	0.513514	NA	3.026546	1	AGAP003560-RA_3+
AGAP006581-PA	0.513514	NA	2.964820	1	AGAP006581-PA,CUFF.2130.1_1+
AGAP010238-RA_2+	0.675000	NA	2.864971	1	AGAP010238-RA_2+,CUFF.12114.1_1+,CUFF.12114.2_3+,CUFF.12114.3_3+,CUFF.12114.4_3+,CUFF.12114.5_3+,CUFF.12114.6_1+
AGAP000066-RA_3+	0.675000	NA	2.838653	1	AGAP000066-RA_3+,CUFF.15881.1_3+
CUFF.5853.1_3+	0.675000	NA	2.831962	1	CUFF.5853.1_3+
CUFF.16245.1_3+	0.731707	NA	2.796826	1	CUFF.16245.1_3+,CUFF.16245.2_1+,CUFF.3623.1_2+,CUFF.3623.2_2+,CUFF.3623.3_1+,CUFF.3623.4_2+,CUFF.5201.1_2+,CUFF.5201.2_2+,CUFF.7998.1_2+
CUFF.7915.1_2+	0.761905	NA	2.759099	1	CUFF.7915.1_2+
AGAP002631-PA	0.770833	NA	2.742817	1	AGAP002631-PA,AGAP002631-RA_1+
AGAP004651-RA_3+	0.770833	NA	2.740714	1	AGAP004651-RA_3+
CUFF.2676.1_1+	0.770833	NA	2.725920	1	CUFF.2676.1_1+,CUFF.2676.2_2+,CUFF.2676.3_3+
ACOM041045-PA	0.770833	NA	2.695491	1	ACOM041045-PA,AGAP004610-PA,AGAP004610-RA_1+
CUFF.4916.1_1+	0.770833	NA	2.690513	1	CUFF.4916.1_1+
CUFF.9641.1_3+	0.770833	NA	2.688943	1	CUFF.9641.1_3+,CUFF.9641.2_3+,CUFF.9641.3_3+,CUFF.9641.6_1+
sp|Q06324|MMR1_YEAST	0.775510	NA	2.687056	1	sp|Q06324|MMR1_YEAST
CUFF.8268.1_2+	0.820000	NA	2.658291	1	CUFF.8268.1_2+
AGAP000781-RA_2+	0.823529	NA	2.654955	1	AGAP000781-RA_2+,CUFF.16824.1_3+
AGAP003794-RA_1+	0.828125	NA	2.639724	1	AGAP003794-RA_1+,AGAP003794-RB_1+
AGAP005917-RA_3+	0.828125	NA	2.614517	1	AGAP005917-RA_3+,CUFF.1495.1_2+
AGAP010611-RA_3+	0.828125	NA	2.605744	1	AGAP010611-RA_3+,CUFF.7129.1_3+
AGAP010530-RA_1+	0.828125	NA	2.600003	1	AGAP010530-RA_1+,CUFF.7001.1_3+
AGAP008023-RA_2+	0.828125	NA	2.574324	1	AGAP008023-RA_2+
AGAP006451-RA_2+	0.828125	NA	2.558168	1	AGAP006451-RA_2+,CUFF.1949.1_2+,CUFF.1949.2_2+
ACOM035867-PA	0.828125	NA	2.553687	1	ACOM035867-PA,AGAP003320-PA,AGAP003320-PB,AGAP003320-RA_1+
AGAP007806-RA_1+	0.828125	NA	2.552382	1	AGAP007806-RA_1+,AGAP007806-RB_1+,AGAP007806-RC_1+,CUFF.9488.1_3+,CUFF.9488.2_3+
ACOM028094-PA	0.828125	NA	2.549652	1	ACOM028094-PA,AGAP028061-PA,AGAP028061-RA_1+,CUFF.10212.1_3+,CUFF.10212.2_2+
AGAP003417-RA_2+	0.828125	NA	2.541890	1	AGAP003417-RA_2+,AGAP003417-RB_2+,CUFF.5109.1_2+
ACOM033473-PA	0.828125	NA	2.536031	2	ACOM033473-PA,AGAP010054-RA_2+,AGAP029444-PA,CUFF.11971.2_2+
CUFF.9744.1_2+	0.828125	NA	2.530147	1	CUFF.9744.1_2+,CUFF.9744.4_3+
CUFF.11299.2_1+	0.828125	NA	2.514885	1	CUFF.11299.2_1+,CUFF.11299.6_2+
AGAP009856-RA_2+	0.828283	NA	2.507584	1	AGAP009856-RA_2+
sp|Q12057|PIN2_YEAST	0.828283	NA	2.491887	1	sp|Q12057|PIN2_YEAST
ACOM027880-PA	0.828283	NA	2.476116	1	ACOM027880-PA,AGAP005333-RA_1+,AGAP029559-PA
ACOM038474-PA	0.828283	NA	2.441996	1	ACOM038474-PA
TCONS_00028833_3+	0.828283	NA	2.428753	2	TCONS_00028833_3+
AGAP029695-PA	0.828283	NA	2.422766	1	AGAP029695-PA
AGAP009346-RA_2+	0.828283	NA	2.420982	1	AGAP009346-RA_2+
AGAP008377-RA_3+	0.828283	NA	2.420747	1	AGAP008377-RA_3+,CUFF.9911.1_3+
TCONS_00014998_3+	0.828283	NA	2.420617	1	TCONS_00014998_3+,TCONS_00014999_3+
AGAP009619-RA_1+	0.828283	NA	2.417665	1	AGAP009619-RA_1+,CUFF.11251.1_3+,CUFF.11251.2_3+,CUFF.11251.3_3+
ACOM039391-PA	0.828283	NA	2.406275	1	ACOM039391-PA,AGAP006649-PA,AGAP006649-RA_1+
AGAP001618-RA_1+	0.828283	NA	2.395541	1	AGAP001618-RA_1+,CUFF.3372.1_3+
CUFF.7839.1_2+	0.828283	NA	2.385017	1	CUFF.7839.1_2+,CUFF.7839.2_1+,CUFF.7839.3_3+,CUFF.7839.4_1+,CUFF.7839.5_1+,CUFF.7839.6_3+,CUFF.7839.7_1+,CUFF.7839.8_3+
sp|P32367|TFC1_YEAST	0.828283	NA	2.381511	1	sp|P32367|TFC1_YEAST
ACOM025526-PA	0.828283	NA	2.378135	1	ACOM025526-PA,AGAP007311-RA_1+,AGAP029814-PB,CUFF.2625.1_1+,CUFF.2625.2_2+,CUFF.2625.3_1+
AGAP011217-RA_3+	0.828283	NA	2.360918	1	AGAP011217-RA_3+,CUFF.7954.1_2+,CUFF.7954.2_2+,CUFF.7954.3_3+,CUFF.7954.4_2+
AGAP001004-RA_2+	0.828283	NA	2.355468	1	AGAP001004-RA_2+,CUFF.17552.1_1+,TCONS_00009340_2+
CUFF.10700.2_3+	0.828283	NA	2.340955	1	CUFF.10700.2_3+
AGAP007897-RA_2+	0.828283	NA	2.340363	1	AGAP007897-RA_2+,AGAP007898-RA_2+,CUFF.9891.1_2+
ACOM029459-PA	0.828283	NA	2.336962	1	ACOM029459-PA
AGAP005651-RA_3+	0.828283	NA	2.335160	1	AGAP005651-RA_3+,CUFF.1180.1_2+
CUFF.3006.12_3+	0.828283	NA	2.326359	1	CUFF.3006.12_3+
ACOM026532-PA	0.828283	NA	2.323320	1	ACOM026532-PA,AGAP012133-RA_1+,AGAP028750-PA
AGAP011895-RA_2+	0.828283	NA	2.315294	1	AGAP011895-RA_2+,CUFF.8831.1_1+
ACOM030562-PA	0.828283	NA	2.310925	1	ACOM030562-PA,AGAP008080-PA,AGAP008080-RA_1+
AGAP008577-RA_3+	0.828283	NA	2.299678	1	AGAP008577-RA_3+,CUFF.10113.10_2+,CUFF.10113.11_1+,CUFF.10113.2_3+,CUFF.10113.5_3+
TCONS_00015650_1+	0.828283	NA	2.298065	1	TCONS_00015650_1+
CUFF.9223.3_3+	0.828283	NA	2.282014	1	CUFF.9223.3_3+
CUFF.9969.4_1+	0.828283	NA	2.277308	1	CUFF.9969.4_1+,CUFF.9969.5_2+
CUFF.11264.1_1+	0.828283	NA	2.253080	1	CUFF.11264.1_1+
TCONS_00040105_1+	0.828283	NA	2.252098	1	TCONS_00040105_1+
ACOM035672-PA	0.828283	NA	2.251205	1	ACOM035672-PA
ACOM037803-PA	0.828283	NA	2.235946	1	ACOM037803-PA
sp|Q07458|RXT3_YEAST	0.828283	NA	2.227791	1	sp|Q07458|RXT3_YEAST
AGAP001458-RA_3+	0.828283	NA	2.227100	1	AGAP001458-RA_3+
ACOM028896-PA	0.828283	NA	2.215756	1	ACOM028896-PA,AGAP000178-PA,AGAP000178-RA_2+,CUFF.16024.1_2+
ACOM038171-PA	0.828283	NA	2.215112	1	ACOM038171-PA,AGAP011202-PA,AGAP011202-RA_1+,CUFF.7923.1_3+,CUFF.7923.2_1+,CUFF.7923.3_3+
AGAP011079-RA_3+	0.828283	NA	2.209215	1	AGAP011079-RA_3+,CUFF.7775.1_1+,CUFF.7775.2_1+,CUFF.7775.3_2+
AGAP009509-RA_1+	0.828283	NA	2.192055	1	AGAP009509-RA_1+,CUFF.11115.1_2+,CUFF.11115.2_2+
CUFF.1731.1_3+	0.828283	NA	2.174944	1	CUFF.1731.1_3+,CUFF.1731.2_3+,CUFF.1731.3_3+,CUFF.1731.4_3+,CUFF.1731.5_2+
AGAP007105-RA_2+	0.828283	NA	2.164635	1	AGAP007105-RA_2+
TCONS_00030302_3+	0.828283	NA	2.161765	1	TCONS_00030302_3+
CUFF.7322.2_3+	0.828283	NA	2.150585	1	CUFF.7322.2_3+
AGAP008818-RA_3+	0.828283	NA	2.147474	1	AGAP008818-RA_3+,CUFF.10332.1_3+
AGAP005699-RA_3+	0.828283	NA	2.141881	1	AGAP005699-RA_3+,CUFF.1261.1_3+,CUFF.1261.2_3+
CUFF.3373.1_1+	0.828283	NA	2.136665	1	CUFF.3373.1_1+
ACOM029227-PA	0.828283	NA	2.130585	1	ACOM029227-PA
ACOM027985-PA	0.828283	NA	2.128357	1	ACOM027985-PA
AGAP001751-RA_3+	0.828283	NA	2.118788	1	AGAP001751-RA_3+,AGAP001751-RE_3+,CUFF.3645.10_1+,CUFF.3645.12_1+,CUFF.3645.13_3+,CUFF.3645.14_3+,CUFF.3645.1_3+,CUFF.3645.2_2+,CUFF.3645.4_3+,CUFF.3645.5_2+,CUFF.3645.6_1+,CUFF.3645.7_1+,CUFF.3645.8_2+,CUFF.3645.9_1+
CUFF.2334.1_1+	0.828283	NA	2.113671	1	CUFF.2334.1_1+,CUFF.2334.2_2+,CUFF.2334.3_1+,CUFF.2334.4_3+
CUFF.8445.13_3+	0.828283	NA	2.113188	1	CUFF.8445.13_3+,CUFF.8445.3_3+
sp|P53723|YN8B_YEAST	0.828283	NA	2.112716	1	sp|P53723|YN8B_YEAST
ACOM029462-PA	0.828283	NA	2.105065	1	ACOM029462-PA
ACOM030127-PA	0.828283	NA	2.102095	1	ACOM030127-PA,AGAP008341-PA,AGAP008341-RA_1+,CUFF.9860.1_2+
AGAP005631-RA_1+	0.828283	NA	2.094641	1	AGAP005631-RA_1+
TCONS_00039760_2+	0.828283	NA	2.094208	1	TCONS_00039760_2+
AGAP006901-RA_3+	0.828283	NA	2.084267	1	AGAP006901-RA_3+,CUFF.2369.7_3+
AGAP029234-PA	0.828283	NA	2.072515	2	AGAP029234-PA,AGAP029234-PB,CUFF.12092.1_1+,CUFF.12092.2_1+
CUFF.12092.10_3+	0.828283	NA	2.072515	1	CUFF.12092.10_3+,CUFF.12092.11_1+,CUFF.12092.12_3+,CUFF.12092.4_1+,CUFF.12092.6_1+,CUFF.12092.9_2+
AGAP009240-RA_3+	0.828283	NA	2.057578	1	AGAP009240-RA_3+,CUFF.10854.1_3+
AGAP007568-RA_2+	0.828283	NA	2.048431	1	AGAP007568-RA_2+
CUFF.3464.1_2+	0.828283	NA	2.040779	1	CUFF.3464.1_2+,CUFF.3464.2_2+,CUFF.3464.3_2+,CUFF.3464.4_1+
ACOM028585-PA	0.828283	NA	2.039512	1	ACOM028585-PA
sp|P00899|TRPE_YEAST	0.828283	NA	2.031568	1	sp|P00899|TRPE_YEAST
AGAP009554-RA_2+	0.828283	NA	2.027582	1	AGAP009554-RA_2+,CUFF.11344.10_2+,CUFF.11344.11_2+,CUFF.11344.12_3+,CUFF.11344.13_2+,CUFF.11344.16_3+,CUFF.11344.17_2+,CUFF.11344.1_2+,CUFF.11344.2_1+,CUFF.11344.4_2+,CUFF.11344.5_2+,CUFF.11344.6_2+,CUFF.11344.7_2+,CUFF.11344.8_2+,CUFF.11344.9_3+
AGAP010575-RA_1+	0.828283	NA	2.024433	1	AGAP010575-RA_1+
AGAP006402-RA_3+	0.828283	NA	2.021999	1	AGAP006402-RA_3+,CUFF.1877.1_2+
AGAP002133-RA_3+	0.828283	NA	2.019104	1	AGAP002133-RA_3+
TCONS_00011699_1+	0.828283	NA	2.016850	1	TCONS_00011699_1+
AGAP001858-RA_3+	0.828283	NA	2.014752	1	AGAP001858-RA_3+,CUFF.3612.1_1+,CUFF.3612.2_2+
CUFF.9744.1_3+	0.828283	NA	2.014371	2	CUFF.9744.1_3+
CUFF.1191.1_1+	0.828283	NA	2.007986	1	CUFF.1191.1_1+,CUFF.1191.2_3+
AGAP000430-RA_3+	0.828283	NA	2.004322	1	AGAP000430-RA_3+
CUFF.16347.1_2+	0.828283	NA	2.004322	2	CUFF.16347.1_2+,CUFF.16347.2_2+
ACOM037638-PA	0.828283	NA	2.004180	1	ACOM037638-PA,AGAP002805-PA,AGAP002805-RA_2+
CUFF.4493.1_3+	0.828283	NA	2.002568	1	CUFF.4493.1_3+,CUFF.4493.2_3+,CUFF.4493.3_2+
ACOM024138-PA	0.828283	NA	1.985144	1	ACOM024138-PA
CUFF.6205.1_3+	0.828283	NA	1.983335	1	CUFF.6205.1_3+,CUFF.6205.2_1+,CUFF.6205.3_3+,CUFF.6205.5_1+,CUFF.6205.6_1+,CUFF.6205.7_3+
AGAP001683-RA_1+	0.828283	NA	1.975571	1	AGAP001683-RA_1+,AGAP001683-RB_1+,CUFF.3498.10_1+,CUFF.3498.11_1+,CUFF.3498.1_1+,CUFF.3498.3_2+,CUFF.3498.4_3+,CUFF.3498.5_1+,CUFF.3498.7_2+,CUFF.3498.8_2+,CUFF.3498.9_2+
CUFF.15844.5_2+	0.828283	NA	1.974610	1	CUFF.15844.5_2+
AGAP008221-RA_2+	0.828283	NA	1.973059	1	AGAP008221-RA_2+,CUFF.9836.1_3+,CUFF.9836.2_1+,CUFF.9836.4_2+
CUFF.4584.1_3+	0.828283	NA	1.965398	1	CUFF.4584.1_3+,CUFF.4584.2_3+,CUFF.4584.3_1+
TCONS_00003916_3+	0.828283	NA	1.962038	2	TCONS_00003916_3+
CUFF.8400.1_3+	0.828283	NA	1.954278	1	CUFF.8400.1_3+,CUFF.8400.2_3+
CUFF.8173.1_2+	0.828283	NA	1.953754	1	CUFF.8173.1_2+
CUFF.10818.1_3+	0.828283	NA	1.952857	1	CUFF.10818.1_3+,CUFF.10818.2_2+,CUFF.10818.3_1+,CUFF.10818.5_2+,CUFF.10818.7_3+,CUFF.10818.8_3+,CUFF.10818.9_2+
AGAP007582-RA_3+	0.828283	NA	1.951853	1	AGAP007582-RA_3+,CUFF.2927.1_3+,CUFF.2927.2_3+
AGAP009354-PA	0.828283	NA	1.951527	1	AGAP009354-PA,AGAP009354-RA_1+,AGAP009356-PA,AGAP009356-RA_2+,AGAP009359-PA,AGAP009359-RA_1+,CUFF.10947.1_2+,CUFF.10947.2_3+,CUFF.10947.3_2+,CUFF.10947.4_2+,CUFF.10947.7_3+
CUFF.4442.1_1+	0.828283	NA	1.950650	1	CUFF.4442.1_1+
ACOM033817-PA	0.828283	NA	1.949273	1	ACOM033817-PA
AGAP004000-RA_3+	0.828283	NA	1.943407	1	AGAP004000-RA_3+,CUFF.5749.1_2+,CUFF.5749.2_2+,CUFF.5749.3_3+,CUFF.5749.4_3+,CUFF.5749.5_3+,CUFF.5749.6_2+,CUFF.5749.7_1+,CUFF.5749.8_3+
CUFF.9888.3_2+	0.828283	NA	1.922341	1	CUFF.9888.3_2+,CUFF.9888.6_2+,CUFF.9888.9_2+
TCONS_00027310_2+	0.828283	NA	1.919169	1	TCONS_00027310_2+
sp|Q00947|STP1_YEAST	0.828283	NA	1.916004	1	sp|Q00947|STP1_YEAST
TCONS_00014568_2+	0.828283	NA	1.912190	1	TCONS_00014568_2+
TCONS_00030778_1+	0.828283	NA	1.908772	1	TCONS_00030778_1+
CUFF.1840.3_2+	0.828283	NA	1.906631	1	CUFF.1840.3_2+,CUFF.1840.6_3+
ACOM028756-PA	0.828283	NA	1.902996	1	ACOM028756-PA
AGAP004703-RA_1+	0.828283	NA	1.895450	1	AGAP004703-RA_1+
AGAP009807-RA_2+	0.828283	NA	1.891615	1	AGAP009807-RA_2+,CUFF.11587.1_1+
ACOM025287-PA	0.828283	NA	1.888792	1	ACOM025287-PA,AGAP007119-PA
AGAP000630-PA	0.828283	NA	1.881465	1	AGAP000630-PA,AGAP000630-RA_1+,CUFF.16559.1_1+,CUFF.16559.2_3+,CUFF.16559.3_2+,CUFF.16559.4_2+,CUFF.16559.5_2+,CUFF.16559.6_1+
CUFF.3715.1_1+	0.828283	NA	1.869898	1	CUFF.3715.1_1+,CUFF.3715.2_3+,CUFF.3715.3_1+
ACOM028716-PA	0.828283	NA	1.868759	1	ACOM028716-PA,AGAP003635-PA,AGAP003635-RA_1+,CUFF.5312.1_1+,CUFF.5312.2_2+,CUFF.5312.4_1+,CUFF.5312.5_1+
CUFF.6046.1_2+	0.828283	NA	1.868424	1	CUFF.6046.1_2+
AGAP011839-RA_1+	0.828283	NA	1.867594	1	AGAP011839-RA_1+,CUFF.8802.1_3+,CUFF.8802.2_3+
TCONS_00015315_2+	0.828283	NA	1.864072	1	TCONS_00015315_2+
CUFF.17098.1_1+	0.828283	NA	1.856804	1	CUFF.17098.1_1+,CUFF.17098.2_2+,CUFF.17098.3_2+
AGAP000153-RA_3+	0.828283	NA	1.854587	1	AGAP000153-RA_3+,CUFF.16082.1_2+,CUFF.16082.2_2+,CUFF.16082.3_1+,CUFF.16082.4_3+
AGAP029268-PA	0.828283	NA	1.844580	1	AGAP029268-PA
AGAP006741-RA_2+	0.828283	NA	1.841582	1	AGAP006741-RA_2+,CUFF.2229.1_2+,CUFF.2229.2_2+,CUFF.2229.3_2+
CUFF.4575.1_2+	0.828283	NA	1.833929	1	CUFF.4575.1_2+,CUFF.4575.3_2+
CUFF.10228.1_1+	0.828283	NA	1.831864	1	CUFF.10228.1_1+,CUFF.10228.2_1+
CUFF.17375.4_3+	0.828283	NA	1.830819	1	CUFF.17375.4_3+
AGAP002329-RA_1+	0.828283	NA	1.827144	1	AGAP002329-RA_1+,CUFF.4064.1_2+,CUFF.4064.2_3+,CUFF.4064.3_3+
AGAP001194-RA_3+	0.828283	NA	1.826408	1	AGAP001194-RA_3+,CUFF.3021.1_1+,CUFF.3021.2_1+,CUFF.3021.3_1+
AGAP010304-RA_1+	0.828283	NA	1.819685	1	AGAP010304-RA_1+,AGAP010304-RB_1+,CUFF.12309.1_3+,CUFF.12309.4_2+,CUFF.12309.5_1+
AGAP008930-RA_3+	0.828283	NA	1.806892	1	AGAP008930-RA_3+
CUFF.16863.1_1+	0.828283	NA	1.801808	1	CUFF.16863.1_1+,CUFF.16863.2_1+,CUFF.16863.3_2+,CUFF.16863.4_2+,CUFF.16863.5_1+,CUFF.16863.6_2+
AGAP006540-PA	0.828283	NA	1.801487	1	AGAP006540-PA,AGAP006540-RA_1+,CUFF.2018.1_2+
AGAP008917-PA	0.828283	NA	1.793595	1	AGAP008917-PA,AGAP008917-RA_1+,CUFF.10470.1_2+,CUFF.10470.2_2+
CUFF.10591.1_3+	0.828283	NA	1.793395	1	CUFF.10591.1_3+,CUFF.10591.3_1+
AGAP000810-RA_3+	0.828283	NA	1.788149	1	AGAP000810-RA_3+,CUFF.16929.1_1+,CUFF.16929.2_1+
sp|P38427|TSL1_YEAST	0.828283	NA	1.787683	1	sp|P38427|TSL1_YEAST
AGAP001238-RA_3+	0.828283	NA	1.780213	1	AGAP001238-RA_3+,AGAP001238-RB_3+,CUFF.3069.3_2+,CUFF.3069.4_2+,CUFF.3069.5_1+,CUFF.3069.6_2+,CUFF.3069.7_3+,CUFF.3069.8_2+
AGAP004348-RA_2+	0.828283	NA	1.775375	1	AGAP004348-RA_2+
CUFF.8376.1_2+	0.828283	NA	1.771309	1	CUFF.8376.1_2+,CUFF.8376.2_2+,CUFF.8376.3_1+
AGAP004732-RA_3+	0.828283	NA	1.759841	2	AGAP004732-RA_3+,AGAP029113-PA,CUFF.349.1_1+,CUFF.349.2_1+,CUFF.349.3_1+,CUFF.349.4_1+,CUFF.349.5_2+
ACOM042578-PA	0.828283	NA	1.759835	1	ACOM042578-PA,AGAP012400-PA,AGAP012400-RA_3+
CUFF.652.2_3+	0.828283	NA	1.757916	1	CUFF.652.2_3+,CUFF.652.3_1+
CUFF.16102.3_1+	0.828283	NA	1.756774	1	CUFF.16102.3_1+,CUFF.16102.4_1+
AGAP008186-RA_3+	0.828283	NA	1.756349	1	AGAP008186-RA_3+
CUFF.3934.1_1+	0.828283	NA	1.755030	1	CUFF.3934.1_1+
ACOM043163-PA	0.828283	NA	1.754028	1	ACOM043163-PA,AGAP001168-PA,AGAP001168-RA_2+,AGAP001168-RB_1+,CUFF.3007.1_1+,CUFF.3007.2_3+,CUFF.3007.3_1+
AGAP000262-RA_3+	0.828283	NA	1.752741	2	AGAP000262-RA_3+
ACOM039116-PA	0.828283	NA	1.751435	1	ACOM039116-PA,AGAP005470-PA,AGAP005470-RA_1+
CUFF.7901.10_3+	0.828283	NA	1.750875	1	CUFF.7901.10_3+,CUFF.7901.11_1+,CUFF.7901.12_2+,CUFF.7901.13_2+,CUFF.7901.14_1+,CUFF.7901.15_2+,CUFF.7901.16_2+,CUFF.7901.1_1+,CUFF.7901.3_3+,CUFF.7901.4_3+,CUFF.7901.5_1+,CUFF.7901.6_2+,CUFF.7901.7_3+,CUFF.7901.8_2+,CUFF.7901.9_3+
ACOM035616-PA	0.828283	NA	1.750295	1	ACOM035616-PA,AGAP003160-PA,AGAP003160-RA_1+,CUFF.4850.1_1+
AGAP006205-RA_1+	0.828283	NA	1.738557	1	AGAP006205-RA_1+,CUFF.1762.1_2+
AGAP006878-RA_2+	0.828283	NA	1.735612	1	AGAP006878-RA_2+
AGAP009752-RA_2+	0.828283	NA	1.731581	1	AGAP009752-RA_2+,CUFF.11514.1_1+,CUFF.11514.3_1+,CUFF.11514.4_2+
AGAP004417-RA_1+	0.828283	NA	1.729871	1	AGAP004417-RA_1+
ACOM039748-PA	0.828283	NA	1.727321	1	ACOM039748-PA,AGAP006435-PA,AGAP006435-RA_1+,CUFF.1931.1_2+
AGAP012223-RA_3+	0.828283	NA	1.725615	1	AGAP012223-RA_3+,AGAP029560-PA
CUFF.9160.2_3+	0.828283	NA	1.725615	2	CUFF.9160.2_3+,CUFF.9160.3_3+,CUFF.9160.4_3+
AGAP008928-RA_3+	0.828283	NA	1.722884	1	AGAP008928-RA_3+,CUFF.10472.1_2+
CUFF.5282.1_2+	0.828283	NA	1.720452	1	CUFF.5282.1_2+,CUFF.5282.3_2+
CUFF.5757.11_1+	0.828283	NA	1.719156	1	CUFF.5757.11_1+,CUFF.5757.1_2+
AGAP000169-RA_3+	0.828283	NA	1.717924	1	AGAP000169-RA_3+,CUFF.16007.1_1+
ACOM037502-PA	0.828283	NA	1.709761	1	ACOM037502-PA,AGAP002908-PA,AGAP002908-RA_1+,CUFF.4590.1_1+,CUFF.4590.2_1+,CUFF.4590.3_1+
ACOM037486-PA	0.828283	NA	1.704260	1	ACOM037486-PA,AGAP002913-PA,AGAP002913-RA_2+,CUFF.4578.1_2+,CUFF.4578.2_2+
ACOM027280-PA	0.828283	NA	1.698459	1	ACOM027280-PA,AGAP009112-PA,AGAP009112-RA_1+,CUFF.10719.1_3+
ACOM036856-PA	0.828283	NA	1.697634	1	ACOM036856-PA,AGAP002523-PA,AGAP002523-RA_1+,CUFF.4259.1_3+
TCONS_00003917_1+	0.828283	NA	1.697167	1	TCONS_00003917_1+
CUFF.9975.1_2+	0.828283	NA	1.697104	1	CUFF.9975.1_2+,CUFF.9975.2_3+,CUFF.9975.3_1+,CUFF.9975.4_1+
AGAP013007-RA_3+	0.828283	NA	1.692636	1	AGAP013007-RA_3+,CUFF.4192.1_3+
CUFF.7993.1_2+	0.828283	NA	1.692040	1	CUFF.7993.1_2+
AGAP008903-RA_1+	0.828283	NA	1.690390	1	AGAP008903-RA_1+,CUFF.10437.1_3+
CUFF.6205.1_1+	0.828283	NA	1.689340	2	CUFF.6205.1_1+,CUFF.6205.2_2+,CUFF.6205.3_1+,CUFF.6205.5_2+,CUFF.6205.6_2+,CUFF.6205.7_1+
AGAP003449-RA_2+	0.828283	NA	1.683101	1	AGAP003449-RA_2+,CUFF.5147.1_3+,CUFF.5147.2_3+
AGAP011990-RA_2+	0.828283	NA	1.677869	1	AGAP011990-RA_2+
CUFF.496.1_1+	0.828283	NA	1.675301	1	CUFF.496.1_1+,CUFF.496.2_1+,CUFF.496.3_2+,CUFF.496.4_1+,CUFF.496.6_2+,CUFF.496.7_1+
CUFF.496.5_3+	0.828283	NA	1.675301	2	CUFF.496.5_3+
AGAP000314-PA	0.828283	NA	1.674618	1	AGAP000314-PA,AGAP000314-RA_1+,AGAP000314-RB_1+,CUFF.16189.1_2+,CUFF.16189.2_2+
AGAP000875-RA_3+	0.828283	NA	1.671575	1	AGAP000875-RA_3+
AGAP012097-RA_2+	0.828283	NA	1.670766	1	AGAP012097-RA_2+,CUFF.9033.1_2+,CUFF.9033.2_2+,CUFF.9033.3_2+
ACOM027471-PA	0.828283	NA	1.668598	1	ACOM027471-PA,AGAP010731-PA,AGAP010731-RA_2+,CUFF.7372.1_3+
ACOM037745-PA	0.828283	NA	1.662202	1	ACOM037745-PA
CUFF.11072.2_3+	0.828283	NA	1.657931	1	CUFF.11072.2_3+,CUFF.11072.6_3+,CUFF.11072.7_2+,CUFF.11072.9_2+
AGAP002015-RA_2+	0.828283	NA	1.657350	1	AGAP002015-RA_2+,AGAP002015-RB_2+,CUFF.3754.1_1+,CUFF.3754.2_1+,CUFF.3754.3_3+
AGAP001225-RA_2+	0.828283	NA	1.657038	1	AGAP001225-RA_2+,CUFF.3026.1_1+
sp|Q04233|GIS4_YEAST	0.828283	NA	1.646609	1	sp|Q04233|GIS4_YEAST
sp|P40547|VID28_YEAST	0.828283	NA	1.635964	1	sp|P40547|VID28_YEAST
sp|P32900|SKG6_YEAST	0.828283	NA	1.635538	1	sp|P32900|SKG6_YEAST
CUFF.16102.3_2+	0.828283	NA	1.624914	1	CUFF.16102.3_2+,CUFF.16102.4_2+
ACOM026467-PA	0.828283	NA	1.623648	1	ACOM026467-PA,AGAP012181-PA,AGAP012181-PB,AGAP012181-RA_1+,CUFF.9118.1_2+,CUFF.9118.2_2+
ACOM030493-PA	0.828283	NA	1.621037	2	ACOM030493-PA
CUFF.5908.1_3+	0.828283	NA	1.620058	1	CUFF.5908.1_3+,CUFF.5908.2_1+,CUFF.5908.3_1+,CUFF.5908.4_2+
AGAP010641-RA_2+	0.828283	NA	1.619356	1	AGAP010641-RA_2+,CUFF.7277.1_3+
AGAP008515-RA_1+	0.828283	NA	1.617845	1	AGAP008515-RA_1+,CUFF.10017.1_1+
ACOM038723-PA	0.828283	NA	1.605624	1	ACOM038723-PA,AGAP000467-PA,AGAP000467-PB,AGAP000467-RA_1+,CUFF.16784.1_1+,CUFF.16784.2_3+,CUFF.16784.3_3+,CUFF.16784.4_1+
AGAP002324-RA_1+	0.828283	NA	1.604138	1	AGAP002324-RA_1+,CUFF.4046.1_2+,CUFF.4046.3_2+
ACOM031208-PA	0.828283	NA	1.602353	1	ACOM031208-PA,AGAP005715-PA,AGAP005715-PB,AGAP005715-RA_1+,AGAP005715-RB_3+
AGAP008074-RA_1+	0.828283	NA	1.601025	1	AGAP008074-RA_1+,CUFF.9691.1_3+
AGAP011177-RA_1+	0.828283	NA	1.599797	1	AGAP011177-RA_1+,CUFF.7936.3_1+,CUFF.7936.4_2+,CUFF.7936.6_2+
sp|P41809|HKR1_YEAST	0.828283	NA	1.599378	1	sp|P41809|HKR1_YEAST
ACOM040825-PA	0.828283	NA	1.598904	1	ACOM040825-PA,AGAP010393-PA,AGAP010393-RA_3+,CUFF.6831.1_2+,CUFF.6831.2_2+,CUFF.6831.3_2+
CUFF.15803.1_1+	0.828283	NA	1.598034	1	CUFF.15803.1_1+
AGAP028253-RA_2+	0.828283	NA	1.593780	1	AGAP028253-RA_2+
TCONS_00021610_3+	0.828283	NA	1.590403	1	TCONS_00021610_3+
CUFF.17574.1_2+	0.828283	NA	1.589242	1	CUFF.17574.1_2+,CUFF.17574.2_2+
AGAP009268-RA_2+	0.828283	NA	1.587426	1	AGAP009268-RA_2+
CUFF.9568.4_2+	0.828283	NA	1.587310	1	CUFF.9568.4_2+
CUFF.11076.10_1+	0.828283	NA	1.585019	1	CUFF.11076.10_1+,CUFF.11076.5_2+,CUFF.11076.6_3+,CUFF.11076.7_2+,CUFF.11076.8_2+,CUFF.11076.9_3+
ACOM024810-PA	0.828283	NA	1.582399	1	ACOM024810-PA,AGAP006024-PA,AGAP006024-RA_2+,CUFF.1594.1_1+,CUFF.1594.2_2+,CUFF.1594.3_1+,CUFF.1594.4_3+
ACOM035796-PA	0.828283	NA	1.581400	1	ACOM035796-PA,AGAP003283-PA,AGAP003283-RA_1+,AGAP012597-PA,AGAP012597-RA_1+,CUFF.5078.2_2+,CUFF.5078.3_1+,CUFF.5078.4_3+,CUFF.5078.5_2+,CUFF.5078.6_1+,CUFF.5078.7_3+
AGAP010078-RA_3+	0.828283	NA	1.581050	1	AGAP010078-RA_3+,CUFF.11901.1_2+
ACOM032446-PA	0.828283	NA	1.575994	1	ACOM032446-PA,AGAP009522-PA,AGAP009522-RA_1+,CUFF.11227.10_3+,CUFF.11227.11_2+,CUFF.11227.2_1+,CUFF.11227.3_1+,CUFF.11227.4_1+,CUFF.11227.7_1+,CUFF.11227.8_1+,CUFF.11227.9_1+
ACOM033201-PA	0.828283	NA	1.570868	1	ACOM033201-PA,CUFF.6122.1_1+,CUFF.6122.3_1+,CUFF.6122.4_2+
ACOM038281-PA	0.828283	NA	1.570172	1	ACOM038281-PA,AGAP004835-PA,AGAP004835-RA_1+,CUFF.422.1_2+,CUFF.422.2_1+,CUFF.422.3_2+
CUFF.7679.1_2+	0.828283	NA	1.568960	1	CUFF.7679.1_2+
AGAP003428-PB	0.828283	NA	1.563407	1	AGAP003428-PB,AGAP003428-RB_3+,CUFF.5120.1_3+,CUFF.5120.2_3+,CUFF.5120.3_3+,CUFF.5120.4_2+,CUFF.5120.5_2+,CUFF.5120.6_1+,CUFF.5120.7_2+
AGAP011627-RA_1+	0.828283	NA	1.560289	1	AGAP011627-RA_1+,CUFF.8592.1_1+,CUFF.8592.2_1+,CUFF.8592.3_3+,CUFF.8592.4_3+
AGAP003503-RA_2+	0.828283	NA	1.555309	1	AGAP003503-RA_2+
AGAP004588-RA_3+	0.828283	NA	1.554933	1	AGAP004588-RA_3+,CUFF.6298.1_2+
AGAP000585-RA_3+	0.828283	NA	1.551970	1	AGAP000585-RA_3+,CUFF.16587.1_1+,CUFF.16587.2_1+,CUFF.16587.3_2+,CUFF.16587.4_2+
sp|P41695|BUB1_YEAST	0.828283	NA	1.547555	1	sp|P41695|BUB1_YEAST
AGAP013509-RA_3+	0.828283	NA	1.546866	1	AGAP013509-RA_3+
AGAP003785-RC_3+	0.828283	NA	1.533473	1	AGAP003785-RC_3+,AGAP003785-RD_3+
AGAP013746-RA_2+	0.828283	NA	1.532538	1	AGAP013746-RA_2+
CUFF.16792.1_2+	0.828283	NA	1.531856	1	CUFF.16792.1_2+
AGAP009540-RA_3+	0.828283	NA	1.529559	1	AGAP009540-RA_3+
CUFF.2877.3_1+	0.828283	NA	1.528197	1	CUFF.2877.3_1+
AGAP010850-RA_3+	0.828283	NA	1.526895	1	AGAP010850-RA_3+
CUFF.7517.1_2+	0.828283	NA	1.526895	2	CUFF.7517.1_2+
AGAP000017-PA	0.828283	NA	1.526790	1	AGAP000017-PA,AGAP000017-PB,AGAP000017-PC,AGAP000017-RA_1+,CUFF.15855.10_1+,CUFF.15855.1_1+,CUFF.15855.2_1+,CUFF.15855.3_1+,CUFF.15855.4_1+,CUFF.15855.5_2+,CUFF.15855.6_3+,CUFF.15855.7_2+,CUFF.15855.8_1+
ACOM027344-PA	0.828283	NA	1.525112	1	ACOM027344-PA,AGAP009078-PA
AGAP010042-PA	0.828283	NA	1.519206	1	AGAP010042-PA,AGAP010042-RA_1+,CUFF.11980.1_1+,CUFF.11980.2_2+,CUFF.11980.3_3+,CUFF.11980.4_2+,CUFF.11980.5_3+,CUFF.11980.6_1+,CUFF.11980.7_3+,CUFF.11980.8_3+
AGAP008488-RA_2+	0.828283	NA	1.519042	1	AGAP008488-RA_2+,CUFF.10038.1_1+,CUFF.10038.2_3+
ACOM038290-PA	0.828283	NA	1.518480	1	ACOM038290-PA,AGAP004854-PA,AGAP004854-RA_2+
CUFF.10607.1_1+	0.828283	NA	1.517110	1	CUFF.10607.1_1+,CUFF.10607.2_1+,CUFF.10607.3_3+,CUFF.10607.5_1+,CUFF.10607.6_1+
sp|P41735|COQ7_YEAST	0.828283	NA	1.515403	1	sp|P41735|COQ7_YEAST
sp|Q12493|NKP1_YEAST	0.828283	NA	1.512880	1	sp|Q12493|NKP1_YEAST
sp|P40036|GIP2_YEAST	0.828283	NA	1.509200	1	sp|P40036|GIP2_YEAST
ACOM034826-PA	0.828283	NA	1.509015	1	ACOM034826-PA,AGAP003808-PA,AGAP003808-RA_1+
ACOM038883-PA	0.828283	NA	1.507886	1	ACOM038883-PA,AGAP005639-PA,AGAP005639-PB,AGAP005639-RA_1+,CUFF.1179.1_1+
AGAP006839-RA_2+	0.828283	NA	1.506890	1	AGAP006839-RA_2+
AGAP001255-RA_3+	0.828283	NA	1.500179	1	AGAP001255-RA_3+,CUFF.3059.1_3+,CUFF.3059.2_3+
ACOM042574-PA	0.828283	NA	1.489514	1	ACOM042574-PA,AGAP012410-PA,AGAP012410-RA_1+,CUFF.9318.1_2+
ACOM032435-PA	0.828283	NA	1.488052	1	ACOM032435-PA,AGAP009520-PA,AGAP009520-RA_1+,CUFF.11135.1_2+
AGAP008851-RA_2+	0.828283	NA	1.486979	2	AGAP008851-RA_2+,CUFF.10429.1_1+
CUFF.10429.2_2+	0.828283	NA	1.486979	3	CUFF.10429.2_2+,CUFF.10429.3_3+
sp|Q12050|ELG1_YEAST	0.828283	NA	1.481212	1	sp|Q12050|ELG1_YEAST
CUFF.1256.1_2+	0.834437	NA	1.479897	1	CUFF.1256.1_2+,CUFF.1256.2_2+,CUFF.1256.3_1+,CUFF.1256.4_3+,CUFF.1256.5_1+,CUFF.1256.6_2+
CUFF.1574.1_1+	0.834437	NA	1.469398	1	CUFF.1574.1_1+
AGAP013298-RA_2+	0.834437	NA	1.464344	1	AGAP013298-RA_2+
sp|Q08969|GRE1_YEAST	0.834437	NA	1.461520	1	sp|Q08969|GRE1_YEAST
AGAP006216-RA_2+	0.834437	NA	1.459856	1	AGAP006216-RA_2+,AGAP006216-RB_2+,CUFF.1779.1_1+
AGAP005943-RA_3+	0.836066	NA	1.451915	1	AGAP005943-RA_3+,CUFF.1556.1_3+,CUFF.1556.2_3+,CUFF.1556.3_3+,CUFF.1556.4_2+,CUFF.1556.6_2+
TCONS_00023162_3+	0.836066	NA	1.451279	1	TCONS_00023162_3+
CUFF.2441.1_3+	0.836066	NA	1.449999	1	CUFF.2441.1_3+,CUFF.2441.2_2+,CUFF.2441.3_1+,CUFF.2441.4_2+,CUFF.2441.5_2+,CUFF.2441.6_3+
AGAP004302-PA	0.839869	NA	1.447629	1	AGAP004302-PA,AGAP004302-RA_1+,CUFF.5978.1_3+,CUFF.5978.2_1+
AGAP012616-RA_3+	0.841424	NA	1.444977	1	AGAP012616-RA_3+,CUFF.13875.1_2+,CUFF.13875.2_2+
CUFF.4045.1_3+	0.841424	NA	1.444934	1	CUFF.4045.1_3+,CUFF.4045.2_3+
ACOM042520-PA	0.841424	NA	1.443511	1	ACOM042520-PA,AGAP005906-PA,AGAP005906-RA_3+
sp|Q08746|RRS1_YEAST	0.853503	NA	1.437464	1	sp|Q08746|RRS1_YEAST
CUFF.15931.11_3+	0.853503	NA	1.423395	1	CUFF.15931.11_3+,CUFF.15931.12_3+,CUFF.15931.16_3+,CUFF.15931.17_3+,CUFF.15931.18_1+,CUFF.15931.20_3+,CUFF.15931.21_1+,CUFF.15931.2_2+,CUFF.15931.4_3+,CUFF.15931.5_3+,CUFF.15931.8_2+
AGAP011079-RA_1+	0.853503	NA	1.413327	1	AGAP011079-RA_1+,CUFF.7775.1_2+,CUFF.7775.2_2+,CUFF.7775.3_3+
ACOM039449-PA	0.853503	NA	1.411088	1	ACOM039449-PA
ACOM027129-PA	0.853503	NA	1.410793	1	ACOM027129-PA,AGAP009177-PA,AGAP009177-RA_2+
AGAP003756-RA_2+	0.854037	NA	1.402363	1	AGAP003756-RA_2+
AGAP010160-RA_1+	0.854037	NA	1.395103	1	AGAP010160-RA_1+,CUFF.12010.1_1+,CUFF.12010.2_3+
AGAP012981-RA_2+	0.854037	NA	1.393666	1	AGAP012981-RA_2+,CUFF.4929.1_3+,CUFF.4929.2_1+,CUFF.4929.3_3+
ACOM031536-PA	0.854037	NA	1.393236	1	ACOM031536-PA,AGAP006915-PA,AGAP006915-RA_2+
CUFF.16877.5_1+	0.854037	NA	1.390828	1	CUFF.16877.5_1+
AGAP005999-RA_1+	0.854037	NA	1.387313	1	AGAP005999-RA_1+
AGAP000926-RA_2+	0.854037	NA	1.385074	1	AGAP000926-RA_2+,AGAP000926-RB_2+,CUFF.17140.10_1+,CUFF.17140.13_2+,CUFF.17140.14_2+,CUFF.17140.15_1+,CUFF.17140.3_3+,CUFF.17140.4_2+,CUFF.17140.5_2+,CUFF.17140.6_2+,CUFF.17140.7_2+,CUFF.17140.8_1+,CUFF.17140.9_2+
CUFF.17140.11_1+	0.854037	NA	1.385074	2	CUFF.17140.11_1+
AGAP006776-RA_3+	0.854617	NA	1.376766	1	AGAP006776-RA_3+,CUFF.2282.1_2+,CUFF.2282.2_1+
CUFF.1525.1_2+	0.854617	NA	1.369293	1	CUFF.1525.1_2+,CUFF.1525.3_1+,CUFF.1525.4_2+
CUFF.11104.2_1+	0.854617	NA	1.367900	1	CUFF.11104.2_1+
sp|P16474|BIP_YEAST	0.854617	NA	1.365846	1	sp|P16474|BIP_YEAST
CUFF.11369.1_2+	0.854617	NA	1.365177	1	CUFF.11369.1_2+,CUFF.11369.2_2+,CUFF.11369.3_1+
ACOM023689-PA	0.854617	NA	1.364494	1	ACOM023689-PA,AGAP001895-PA,AGAP001895-PB,AGAP001895-RA_1+,CUFF.3662.1_3+,CUFF.3662.2_2+,CUFF.3662.3_3+,CUFF.3662.4_1+
ACOM043207-PA	0.854617	NA	1.364020	1	ACOM043207-PA,AGAP001715-PA,AGAP001715-RA_1+
AGAP005743-RA_2+	0.854617	NA	1.356628	1	AGAP005743-RA_2+
sp|P40487|DPH1_YEAST	0.854617	NA	1.355703	1	sp|P40487|DPH1_YEAST
CUFF.7935.1_1+	0.854617	NA	1.351863	1	CUFF.7935.1_1+,CUFF.7935.2_1+,CUFF.7935.3_2+
ACOM032788-PA	0.854617	NA	1.350920	1	ACOM032788-PA
CUFF.2680.1_1+	0.854617	NA	1.348251	1	CUFF.2680.1_1+,CUFF.2680.2_1+,CUFF.2680.3_2+,CUFF.3967.1_1+,CUFF.3967.3_2+
AGAP003738-RA_2+	0.854617	NA	1.341255	1	AGAP003738-RA_2+
ACOM041994-PA	0.854617	NA	1.339516	1	ACOM041994-PA,AGAP002238-PA,AGAP002238-PB,AGAP002238-RB_1+,CUFF.3986.2_1+,CUFF.3986.4_1+,CUFF.3986.5_1+,CUFF.3986.8_1+
ACOM043228-PA	0.854617	NA	1.334342	1	ACOM043228-PA,ACOM043228-PB,AGAP002732-PA,AGAP002732-PB,AGAP002732-PC,AGAP002732-RA_1+,CUFF.4503.3_2+,CUFF.4503.4_1+
CUFF.5535.3_2+	0.854617	NA	1.333918	1	CUFF.5535.3_2+
CUFF.3198.1_2+	0.854617	NA	1.333313	2	CUFF.3198.1_2+,CUFF.3198.3_2+
AGAP006956-RA_3+	0.854617	NA	1.327471	1	AGAP006956-RA_3+
AGAP001690-RA_2+	0.854617	NA	1.327132	1	AGAP001690-RA_2+,AGAP001690-RB_3+,CUFF.3469.10_2+,CUFF.3469.11_1+,CUFF.3469.12_2+,CUFF.3469.13_1+,CUFF.3469.14_1+,CUFF.3469.15_3+,CUFF.3469.16_3+,CUFF.3469.17_2+,CUFF.3469.2_1+,CUFF.3469.3_1+,CUFF.3469.4_1+,CUFF.3469.5_2+,CUFF.3469.6_1+,CUFF.3469.7_1+
ACOM042580-PA	0.854617	NA	1.321426	1	ACOM042580-PA,AGAP012332-PA,AGAP012332-RA_3+,CUFF.9247.1_2+,CUFF.9247.2_1+,CUFF.9247.3_3+,CUFF.9247.4_2+
CUFF.3188.1_1+	0.854617	NA	1.315697	1	CUFF.3188.1_1+,CUFF.3188.3_2+
AGAP001694-RA_2+	0.854617	NA	1.315166	1	AGAP001694-RA_2+
CUFF.3444.2_2+	0.854617	NA	1.315166	2	CUFF.3444.2_2+
AGAP004970-RA_3+	0.854617	NA	1.312320	1	AGAP004970-RA_3+,CUFF.589.1_2+,CUFF.589.2_2+,CUFF.589.3_3+,CUFF.589.5_3+
AGAP000065-RA_2+	0.854617	NA	1.308362	1	AGAP000065-RA_2+,CUFF.15880.11_2+,CUFF.15880.5_1+,CUFF.15880.6_2+,CUFF.15880.7_2+,CUFF.15880.8_2+,CUFF.15880.9_2+
ACOM032307-PA	0.854617	NA	1.303215	1	ACOM032307-PA,AGAP009438-PA,AGAP009438-RA_2+
ACOM029555-PA	0.854617	NA	1.297284	1	ACOM029555-PA
AGAP009074-RA_2+	0.854617	NA	1.292969	1	AGAP009074-RA_2+,CUFF.10732.1_2+,CUFF.10732.2_2+,CUFF.10732.3_1+,CUFF.10732.4_3+,CUFF.10732.5_3+,CUFF.10732.6_1+,CUFF.10732.7_1+,CUFF.10732.8_1+
sp|P34163|TGL1_YEAST	0.854617	NA	1.291550	1	sp|P34163|TGL1_YEAST
CUFF.17140.10_3+	0.854617	NA	1.289892	1	CUFF.17140.10_3+,CUFF.17140.15_3+,CUFF.17140.8_3+,CUFF.17140.9_1+
AGAP007989-PA	0.854617	NA	1.285966	1	AGAP007989-PA,CUFF.9601.1_3+
ACOM032630-PA	0.854617	NA	1.285275	1	ACOM032630-PA,CUFF.11299.1_3+,CUFF.11299.3_2+
CUFF.11299.2_2+	0.854617	NA	1.285275	2	CUFF.11299.2_2+,CUFF.11299.6_3+
CUFF.10153.1_2+	0.854617	NA	1.285190	1	CUFF.10153.1_2+,CUFF.10153.2_2+,CUFF.10153.3_3+
AGAP003023-PA	0.854617	NA	1.278292	1	AGAP003023-PA,AGAP003023-PB,AGAP003023-RA_1+
ACOM034253-PA	0.854617	NA	1.277899	1	ACOM034253-PA,AGAP001523-PA,AGAP001523-RA_1+,CUFF.3296.1_3+,CUFF.3296.3_2+,CUFF.3296.4_2+
ACOM033670-PA	0.854617	NA	1.277274	1	ACOM033670-PA,AGAP001113-PA,AGAP001113-RA_1+,CUFF.2998.1_3+,CUFF.2998.2_2+,CUFF.2998.4_3+
AGAP007280-RA_2+	0.854617	NA	1.273084	1	AGAP007280-RA_2+
CUFF.9009.6_2+	0.854617	NA	1.267705	1	CUFF.9009.6_2+
ACOM030617-PA	0.854617	NA	1.266785	1	ACOM030617-PA,AGAP008046-PA,AGAP008046-RA_3+,CUFF.9675.1_2+,CUFF.9675.2_1+,CUFF.9675.3_1+,CUFF.9675.4_1+,CUFF.9675.5_1+
CUFF.612.1_1+	0.854617	NA	1.263502	1	CUFF.612.1_1+
AGAP005738-RA_1+	0.854617	NA	1.262697	1	AGAP005738-RA_1+,CUFF.1288.1_3+,CUFF.1288.2_2+
CUFF.1528.1_2+	0.854617	NA	1.258119	1	CUFF.1528.1_2+
AGAP009239-RA_3+	0.854617	NA	1.254772	1	AGAP009239-RA_3+,CUFF.10872.1_1+
AGAP000995-RA_2+	0.854617	NA	1.253539	1	AGAP000995-RA_2+
CUFF.2932.1_1+	0.854617	NA	1.253107	1	CUFF.2932.1_1+,CUFF.2932.2_3+,CUFF.2932.3_1+
AGAP012367-RA_3+	0.854617	NA	1.252474	1	AGAP012367-RA_3+
CUFF.16123.1_2+	0.854617	NA	1.251138	1	CUFF.16123.1_2+,CUFF.16123.3_3+
CUFF.5785.14_1+	0.854617	NA	1.249594	1	CUFF.5785.14_1+,CUFF.5785.17_1+,CUFF.5785.18_1+,CUFF.5785.19_2+
AGAP002374-RA_3+	0.854617	NA	1.243949	1	AGAP002374-RA_3+,CUFF.4100.1_2+
AGAP005217-RA_1+	0.854617	NA	1.243832	2	AGAP005217-RA_1+
TCONS_00006604_2+	0.854617	NA	1.243649	1	TCONS_00006604_2+
AGAP000171-RA_3+	0.854617	NA	1.238365	1	AGAP000171-RA_3+,CUFF.16034.1_3+,CUFF.16034.2_3+,CUFF.16034.3_1+
CUFF.3804.1_3+	0.854617	NA	1.238102	1	CUFF.3804.1_3+,CUFF.3804.2_2+,CUFF.3804.3_2+
AGAP002166-RA_1+	0.854617	NA	1.238001	1	AGAP002166-RA_1+
ACOM038312-PA	0.854617	NA	1.235448	1	ACOM038312-PA,AGAP004866-PA,AGAP004866-RA_1+,CUFF.457.3_3+,CUFF.457.4_3+
CUFF.5048.1_1+	0.854617	NA	1.231695	1	CUFF.5048.1_1+,CUFF.5048.2_3+,CUFF.5048.5_3+,CUFF.5048.6_3+,CUFF.5813.1_3+
AGAP006444-RA_3+	0.854617	NA	1.230839	1	AGAP006444-RA_3+,CUFF.1950.1_3+,CUFF.1950.2_2+
AGAP009785-RA_1+	0.854617	NA	1.229293	1	AGAP009785-RA_1+,CUFF.11595.1_1+
ACOM036508-PA	0.854617	NA	1.228828	1	ACOM036508-PA,AGAP002692-PA,AGAP002692-RA_1+,CUFF.4415.1_3+
ACOM041133-PA	0.854617	NA	1.228195	1	ACOM041133-PA
AGAP002886-RA_3+	0.854617	NA	1.225933	1	AGAP002886-RA_3+,AGAP002886-RB_3+,CUFF.4602.1_2+,CUFF.4602.2_2+,CUFF.4602.3_1+,CUFF.4602.4_1+,CUFF.4602.5_1+,CUFF.4602.6_3+,CUFF.4602.7_2+,CUFF.4602.8_2+
AGAP013441-RA_2+	0.854617	NA	1.224553	1	AGAP013441-RA_2+
AGAP011092-RA_3+	0.854617	NA	1.223778	1	AGAP011092-RA_3+,CUFF.7825.1_2+,CUFF.7825.3_3+
AGAP000327-RA_2+	0.854617	NA	1.207839	1	AGAP000327-RA_2+
CUFF.16402.1_3+	0.854617	NA	1.206657	1	CUFF.16402.1_3+,CUFF.16402.2_1+
CUFF.9225.6_3+	0.854617	NA	1.206567	1	CUFF.9225.6_3+
CUFF.2506.1_3+	0.854617	NA	1.203596	1	CUFF.2506.1_3+,CUFF.2506.2_1+
CUFF.1694.1_2+	0.854617	NA	1.202520	1	CUFF.1694.1_2+
CUFF.2612.2_3+	0.854617	NA	1.201682	1	CUFF.2612.2_3+
AGAP001672-RA_3+	0.854617	NA	1.199499	1	AGAP001672-RA_3+,CUFF.3427.1_2+,CUFF.3427.2_3+,CUFF.3427.3_3+
ACOM030070-PA	0.854617	NA	1.195894	1	ACOM030070-PA,AGAP008362-RA_1+,CUFF.9900.1_2+
AGAP012282-RA_3+	0.854617	NA	1.192725	1	AGAP012282-RA_3+,CUFF.9199.1_2+
ACOM035455-PA	0.854617	NA	1.190978	1	ACOM035455-PA,AGAP002766-PA,AGAP002766-RA_1+
ACOM029576-PA	0.854617	NA	1.188603	1	ACOM029576-PA,AGAP004546-PA,AGAP004546-RA_3+,CUFF.6220.1_2+,CUFF.6220.2_1+
CUFF.11152.1_3+	0.854617	NA	1.185985	1	CUFF.11152.1_3+,CUFF.11152.2_3+
CUFF.9225.2_1+	0.854617	NA	1.183228	1	CUFF.9225.2_1+
CUFF.3784.3_1+	0.854617	NA	1.181630	1	CUFF.3784.3_1+,CUFF.3784.4_1+,CUFF.3784.5_1+,CUFF.3784.6_2+
sp|P06169|PDC1_YEAST	0.854617	NA	1.178227	1	sp|P06169|PDC1_YEAST,sp|P16467|PDC5_YEAST,sp|P26263|PDC6_YEAST
ACOM022955-PA	0.854617	NA	1.176607	2	ACOM022955-PA,AGAP011033-RA_1+
AGAP011033-PA	0.854617	NA	1.176607	1	AGAP011033-PA
AGAP000675-RA_2+	0.854617	NA	1.174114	1	AGAP000675-RA_2+,AGAP000675-RB_2+,AGAP000675-RC_2+,CUFF.16689.1_3+,CUFF.16689.2_2+,CUFF.16689.3_2+
sp|P39728|YAD7_YEAST	0.854617	NA	1.169614	1	sp|P39728|YAD7_YEAST
TCONS_00022932_3+	0.854617	NA	1.169421	2	TCONS_00022932_3+
ACOM035599-PA	0.854617	NA	1.168494	1	ACOM035599-PA,AGAP003156-PA,AGAP003156-RA_1+
CUFF.15927.1_1+	0.854617	NA	1.165695	1	CUFF.15927.1_1+,CUFF.15927.2_3+
TCONS_00033723_2+	0.854617	NA	1.164575	1	TCONS_00033723_2+
CUFF.12373.1_2+	0.854617	NA	1.158756	1	CUFF.12373.1_2+,CUFF.12373.2_3+
AGAP000506-RA_2+	0.854617	NA	1.158535	1	AGAP000506-RA_2+
ACOM038996-PA	0.854617	NA	1.157089	1	ACOM038996-PA,AGAP005553-PA,AGAP005553-RA_3+
AGAP002291-RA_2+	0.854617	NA	1.154485	1	AGAP002291-RA_2+,CUFF.4002.1_1+
ACOM035464-PA	0.854617	NA	1.151963	1	ACOM035464-PA,AGAP002760-PA,AGAP002760-RA_1+
AGAP004469-RA_2+	0.854617	NA	1.146841	1	AGAP004469-RA_2+,AGAP004469-RB_3+,CUFF.6176.1_1+,CUFF.6176.2_1+
sp|P16523|MER1_YEAST	0.854617	NA	1.139729	1	sp|P16523|MER1_YEAST
AGAP011800-RA_1+	0.854617	NA	1.139401	1	AGAP011800-RA_1+
CUFF.11926.1_3+	0.854617	NA	1.133044	1	CUFF.11926.1_3+,CUFF.11926.2_1+,CUFF.11926.3_2+,CUFF.11926.4_3+,CUFF.11926.5_3+,CUFF.11926.6_1+
CUFF.2846.1_3+	0.854617	NA	1.132481	1	CUFF.2846.1_3+,CUFF.2846.2_3+,CUFF.2846.3_3+,CUFF.2846.4_3+,CUFF.2846.5_3+
AGAP006601-RA_2+	0.854617	NA	1.132234	1	AGAP006601-RA_2+,AGAP006601-RB_2+,AGAP009799-RA_3+,CUFF.11640.10_3+,CUFF.11640.1_3+,CUFF.11640.2_3+,CUFF.11640.3_2+,CUFF.11640.4_2+,CUFF.11640.5_2+,CUFF.11640.6_3+,CUFF.11640.9_2+,CUFF.17248.1_3+,CUFF.17248.2_3+,CUFF.2074.1_2+,CUFF.2074.2_2+,CUFF.2074.3_3+,CUFF.2074.4_3+,CUFF.2074.5_3+,CUFF.2074.8_2+,CUFF.2074.9_2+
sp|P42950|GSM1_YEAST	0.854617	NA	1.131589	1	sp|P42950|GSM1_YEAST
sp|P32588|PUB1_YEAST	0.854617	NA	1.128786	1	sp|P32588|PUB1_YEAST
CUFF.9636.2_3+	0.854617	NA	1.128712	1	CUFF.9636.2_3+
AGAP028215-RA_3+	0.854617	NA	1.123241	1	AGAP028215-RA_3+
AGAP010226-RA_3+	0.854617	NA	1.119244	1	AGAP010226-RA_3+,AGAP010226-RB_3+,CUFF.12107.4_3+,CUFF.12107.5_1+,CUFF.12107.6_3+
ACOM025541-PA	0.854617	NA	1.116489	1	ACOM025541-PA,AGAP007327-PB,AGAP007327-RA_1+,AGAP007327-RB_1+,CUFF.2671.1_3+
ACOM041684-PA	0.854617	NA	1.114947	1	ACOM041684-PA,AGAP010491-PA,AGAP010491-RA_1+
CUFF.8908.1_2+	0.854617	NA	1.114697	1	CUFF.8908.1_2+,CUFF.8908.2_1+,CUFF.8908.4_3+,CUFF.8908.5_2+,CUFF.8908.6_3+,CUFF.8908.7_1+
ACOM029052-PA	0.854617	NA	1.111343	1	ACOM029052-PA,AGAP000291-PA,AGAP000291-RA_1+
CUFF.5831.1_3+	0.854617	NA	1.110605	1	CUFF.5831.1_3+
AGAP012140-RA_2+	0.854617	NA	1.107755	1	AGAP012140-RA_2+
AGAP004171-RA_3+	0.854617	NA	1.102493	1	AGAP004171-RA_3+
AGAP009144-PA	0.854617	NA	1.101146	1	AGAP009144-PA,AGAP009144-RA_1+,CUFF.10818.1_1+,CUFF.10818.2_3+,CUFF.10818.3_2+,CUFF.10818.5_3+,CUFF.10818.7_1+,CUFF.10818.8_1+,CUFF.10818.9_3+
AGAP002490-RA_3+	0.854617	NA	1.098387	1	AGAP002490-RA_3+,CUFF.4205.1_3+
sp|P34111|TFC3_YEAST	0.854617	NA	1.094845	1	sp|P34111|TFC3_YEAST
ACOM030181-PA	0.854617	NA	1.090362	1	ACOM030181-PA,AGAP008304-PA,AGAP008304-RA_1+,CUFF.9965.2_2+
CUFF.11560.1_1+	0.854617	NA	1.090268	2	CUFF.11560.1_1+,CUFF.11560.2_3+,CUFF.11560.3_2+,CUFF.11560.4_3+
AGAP000175-RA_1+	0.854617	NA	1.088100	1	AGAP000175-RA_1+,CUFF.16180.10_3+,CUFF.16180.11_1+,CUFF.16180.12_3+,CUFF.16180.13_2+,CUFF.16180.14_2+,CUFF.16180.15_2+,CUFF.16180.16_2+,CUFF.16180.17_1+,CUFF.16180.18_3+,CUFF.16180.19_2+,CUFF.16180.1_2+,CUFF.16180.21_3+,CUFF.16180.2_3+,CUFF.16180.3_3+,CUFF.16180.4_1+,CUFF.16180.5_1+,CUFF.16180.6_1+,CUFF.16180.7_2+,CUFF.16180.8_1+,CUFF.16180.9_2+
sp|P49687|NU145_YEAST	0.854617	NA	1.083355	1	sp|P49687|NU145_YEAST
AGAP007562-RA_3+	0.854617	NA	1.080080	1	AGAP007562-RA_3+,CUFF.3009.10_2+,CUFF.3009.11_2+,CUFF.3009.12_2+,CUFF.3009.13_2+,CUFF.3009.16_3+,CUFF.3009.17_3+,CUFF.3009.1_3+,CUFF.3009.4_3+,CUFF.3009.5_1+,CUFF.3009.6_1+,CUFF.3009.7_2+,CUFF.3009.8_2+,CUFF.3009.9_2+
AGAP006601-RA_3+	0.854617	NA	1.079236	1	AGAP006601-RA_3+,AGAP006601-RB_3+,CUFF.2074.1_3+,CUFF.2074.2_3+,CUFF.2074.3_1+,CUFF.2074.4_1+,CUFF.2074.5_1+,CUFF.2074.8_3+,CUFF.2074.9_3+
ACOM022543-PA	0.854617	NA	1.074604	1	ACOM022543-PA,AGAP010192-PA,AGAP010192-PB,AGAP010192-RA_1+,CUFF.12042.1_3+
ACOM037224-PA	0.854617	NA	1.068948	1	ACOM037224-PA,AGAP002301-PA,AGAP002301-RA_1+
AGAP010298-RA_2+	0.854617	NA	1.067280	1	AGAP010298-RA_2+
AGAP003746-RA_3+	0.854617	NA	1.064744	1	AGAP003746-RA_3+,CUFF.5428.1_1+
ACOM031521-PA	0.854617	NA	1.063469	1	ACOM031521-PA,AGAP006933-PA,AGAP006933-RA_2+,CUFF.2377.1_1+,CUFF.2377.2_3+,CUFF.2377.3_3+,CUFF.2377.4_3+,CUFF.2377.5_3+,CUFF.2377.6_3+
CUFF.496.3_3+	0.854617	NA	1.056270	1	CUFF.496.3_3+,CUFF.496.4_3+,CUFF.496.6_3+,CUFF.496.7_3+
CUFF.1458.2_3+	0.854617	NA	1.055139	1	CUFF.1458.2_3+
CUFF.8192.1_1+	0.854617	NA	1.052802	1	CUFF.8192.1_1+,CUFF.8192.2_1+
AGAP010814-PA	0.854617	NA	1.049092	1	AGAP010814-PA,AGAP010814-RA_1+,CUFF.7547.5_1+
sp|P29461|PTP2_YEAST	0.854617	NA	1.045078	1	sp|P29461|PTP2_YEAST
AGAP001058-RA_1+	0.854617	NA	1.040779	1	AGAP001058-RA_1+
sp|P41811|COPB2_YEAST	0.854617	NA	1.037983	1	sp|P41811|COPB2_YEAST
ACOM027325-PA	0.854617	NA	1.036132	1	ACOM027325-PA,AGAP009067-PA,AGAP009067-RA_3+,CUFF.10661.1_2+
AGAP001271-RA_3+	0.854617	NA	1.036001	1	AGAP001271-RA_3+,AGAP001271-RB_3+,AGAP012154-RA_1+,CUFF.3097.1_2+,CUFF.3097.2_1+,CUFF.3097.3_1+,CUFF.3097.4_1+,CUFF.3097.5_3+,CUFF.9070.1_2+,CUFF.9070.2_1+
CUFF.982.1_1+	0.854617	NA	1.028928	1	CUFF.982.1_1+,CUFF.982.2_1+
AGAP000576-RA_3+	0.854617	NA	1.025169	1	AGAP000576-RA_3+,CUFF.17117.1_1+,CUFF.17117.2_1+,CUFF.17117.3_1+
CUFF.3895.2_2+	0.854617	NA	1.019320	1	CUFF.3895.2_2+,CUFF.3895.3_3+,sp|P18410|SPO7_YEAST
sp|Q12334|SCM3_YEAST	0.854617	NA	1.015362	1	sp|Q12334|SCM3_YEAST
AGAP007112-PA	0.854617	NA	1.013070	1	AGAP007112-PA,AGAP007112-RA_2+
ACOM037983-PA	0.854617	NA	1.013015	1	ACOM037983-PA
AGAP006054-RA_1+	0.854617	NA	1.012810	1	AGAP006054-RA_1+,CUFF.1623.1_2+
ACOM040682-PA	0.854617	NA	1.005798	1	ACOM040682-PA
AGAP008914-PA	0.854617	NA	1.005798	2	AGAP008914-PA,CUFF.10475.1_2+,CUFF.10475.2_3+
AGAP011545-PA	0.854617	NA	1.005419	1	AGAP011545-PA,CUFF.8362.1_1+,CUFF.8362.3_3+
AGAP010001-RA_2+	0.854617	NA	1.005151	1	AGAP010001-RA_2+
sp|P27692|SPT5_YEAST	0.854617	NA	1.003620	1	sp|P27692|SPT5_YEAST
CUFF.1663.1_2+	0.854617	NA	1.003284	1	CUFF.1663.1_2+
AGAP011033-PB	0.854617	NA	1.000360	1	AGAP011033-PB
CUFF.16284.10_2+	0.854617	NA	0.999875	1	CUFF.16284.10_2+
AGAP004474-PA	0.854617	NA	0.999852	1	AGAP004474-PA,AGAP004474-RA_1+,CUFF.6170.1_1+
AGAP000079-RA_3+	0.854617	NA	0.997985	1	AGAP000079-RA_3+,CUFF.15873.1_2+
AGAP010065-RA_3+	0.854617	NA	0.991881	1	AGAP010065-RA_3+
ACOM036052-PA	0.854617	NA	0.991873	1	ACOM036052-PA,AGAP004698-PA,AGAP004698-RA_2+,CUFF.170.1_1+,CUFF.170.2_1+
ACOM042138-PA	0.854617	NA	0.988060	1	ACOM042138-PA,AGAP002149-RA_3+,AGAP002149-RB_1+,AGAP029545-PA,CUFF.3949.1_1+,CUFF.3949.3_3+,CUFF.3949.4_2+
ACOM035301-PA	0.854617	NA	0.986945	1	ACOM035301-PA,AGAP005207-PA,AGAP005207-RA_1+,CUFF.897.1_3+,CUFF.897.2_1+,CUFF.897.3_3+,CUFF.897.4_3+,CUFF.897.5_1+,CUFF.897.6_2+
AGAP008017-RA_3+	0.854617	NA	0.984400	1	AGAP008017-RA_3+,AGAP008017-RB_3+,CUFF.9669.1_3+,CUFF.9669.2_2+,CUFF.9669.3_3+,CUFF.9669.4_3+,CUFF.9669.5_3+,CUFF.9669.6_3+,CUFF.9669.7_3+,CUFF.9669.8_2+
ACOM039559-PA	0.854617	NA	0.983860	1	ACOM039559-PA,AGAP006528-PA,AGAP006528-RA_1+,CUFF.2010.1_1+,CUFF.2010.2_2+,CUFF.2010.4_1+
TCONS_00022603_3+	0.854617	NA	0.982029	1	TCONS_00022603_3+
TCONS_00006140_3+	0.854617	NA	0.981253	1	TCONS_00006140_3+,TCONS_00006141_1+
AGAP002032-RA_3+	0.854617	NA	0.978843	1	AGAP002032-RA_3+
CUFF.3130.2_2+	0.854617	NA	0.977694	1	CUFF.3130.2_2+
CUFF.9809.1_3+	0.854617	NA	0.976587	1	CUFF.9809.1_3+
ACOM040909-PA	0.854617	NA	0.972601	1	ACOM040909-PA,AGAP010456-PA,AGAP010456-PB,AGAP010456-RA_1+,CUFF.6972.2_1+,CUFF.6972.3_2+,CUFF.6972.4_2+,CUFF.6972.5_1+,CUFF.6972.6_2+
AGAP002321-RA_3+	0.854617	NA	0.965079	1	AGAP002321-RA_3+,CUFF.4068.1_1+,CUFF.4068.3_3+
AGAP000623-RA_2+	0.854617	NA	0.960586	1	AGAP000623-RA_2+,CUFF.16502.1_2+
CUFF.10083.6_3+	0.854617	NA	0.956895	1	CUFF.10083.6_3+
CUFF.9263.1_3+	0.854617	NA	0.954861	2	CUFF.9263.1_3+,CUFF.9263.2_3+,CUFF.9263.3_2+,CUFF.9263.4_3+,CUFF.9263.5_2+
ACOM030848-PA	0.854617	NA	0.954022	1	ACOM030848-PA,AGAP007891-PA,AGAP007891-RA_1+
sp|P46949|FYV8_YEAST	0.854617	NA	0.953315	1	sp|P46949|FYV8_YEAST
ACOM031395-PA	0.854617	NA	0.953011	1	ACOM031395-PA,AGAP007027-PA,AGAP007027-RA_2+,CUFF.2428.1_1+
ACOM032557-PA	0.854617	NA	0.952110	1	ACOM032557-PA
AGAP005230-RA_1+	0.854617	NA	0.949798	1	AGAP005230-RA_1+,CUFF.849.1_2+
AGAP012359-RB_3+	0.854617	NA	0.944977	1	AGAP012359-RB_3+,CUFF.9364.2_1+
CUFF.7664.1_1+	0.854617	NA	0.944218	1	CUFF.7664.1_1+
CUFF.15880.9_3+	0.854617	NA	0.943037	1	CUFF.15880.9_3+
ACOM043225-PA	0.854617	NA	0.941120	1	ACOM043225-PA,AGAP002741-PA,AGAP002741-RA_1+,CUFF.4544.1_2+
AGAP000602-RA_2+	0.854617	NA	0.940306	1	AGAP000602-RA_2+
ACOM026509-PA	0.854617	NA	0.935419	1	ACOM026509-PA,AGAP012144-PA,AGAP012144-RA_1+
AGAP001104-PA	0.854617	NA	0.932321	1	AGAP001104-PA,AGAP001104-RA_1+,CUFF.2963.1_1+
CUFF.8693.2_3+	0.854617	NA	0.930549	1	CUFF.8693.2_3+,CUFF.8693.3_3+,CUFF.8693.4_3+
ACOM037152-PA	0.854617	NA	0.930319	1	ACOM037152-PA,AGAP013453-PA,AGAP013453-RA_1+
AGAP004246-PC	0.854617	NA	0.928805	1	AGAP004246-PC
AGAP007398-RA_1+	0.854617	NA	0.924245	1	AGAP007398-RA_1+
AGAP028403-RA_3+	0.854617	NA	0.920326	1	AGAP028403-RA_3+
ACOM025863-PA	0.854617	NA	0.915125	1	ACOM025863-PA,AGAP007592-PA,AGAP007592-RA_1+,CUFF.2845.1_3+,CUFF.2845.2_2+,CUFF.2845.3_2+,CUFF.2845.4_1+,CUFF.2845.5_3+,CUFF.2845.6_2+,CUFF.2845.7_1+
AGAP009739-RA_3+	0.854617	NA	0.912654	1	AGAP009739-RA_3+
AGAP000630-RA_3+	0.854617	NA	0.910567	1	AGAP000630-RA_3+,CUFF.16559.1_3+,CUFF.16559.2_2+,CUFF.16559.3_1+,CUFF.16559.4_1+,CUFF.16559.5_1+,CUFF.16559.6_3+
CUFF.9824.1_2+	0.854617	NA	0.910212	1	CUFF.9824.1_2+,CUFF.9824.2_2+
AGAP008026-RA_3+	0.854902	NA	0.909309	1	AGAP008026-RA_3+,CUFF.9646.1_2+
AGAP001865-RA_3+	0.855186	NA	0.904485	1	AGAP001865-RA_3+
CUFF.927.1_2+	0.855469	NA	0.903600	1	CUFF.927.1_2+,CUFF.927.2_3+
CUFF.10824.1_1+	0.859073	NA	0.898342	2	CUFF.10824.1_1+
CUFF.3035.10_2+	0.859073	NA	0.896170	1	CUFF.3035.10_2+,CUFF.3035.1_2+,CUFF.3035.2_2+,CUFF.3035.3_3+,CUFF.3035.4_1+,CUFF.3035.5_2+,CUFF.3035.6_2+,CUFF.3035.7_2+,CUFF.3035.8_1+,CUFF.3035.9_1+
ACOM041972-PA	0.859073	NA	0.894778	1	ACOM041972-PA
AGAP007439-RA_3+	0.859073	NA	0.891675	1	AGAP007439-RA_3+,CUFF.2731.1_1+
ACOM034128-PA	0.859073	NA	0.890981	1	ACOM034128-PA,AGAP001433-PA,AGAP001433-RA_1+,CUFF.3416.1_1+,CUFF.3416.2_1+,CUFF.3416.3_1+
AGAP000629-PA	0.859073	NA	0.890763	1	AGAP000629-PA,AGAP000629-RA_1+,CUFF.16538.1_2+,CUFF.16538.2_2+
AGAP003602-RA_2+	0.860153	NA	0.884515	1	AGAP003602-RA_2+,AGAP003602-RB_3+,CUFF.5262.1_2+,CUFF.5262.2_2+
sp|P40971|LYS14_YEAST	0.860153	NA	0.882895	1	sp|P40971|LYS14_YEAST
sp|P39984|HAT2_YEAST	0.860153	NA	0.880173	1	sp|P39984|HAT2_YEAST
CUFF.422.2_2+	0.860153	NA	0.879304	1	CUFF.422.2_2+
AGAP005285-RA_3+	0.869781	NA	0.870991	1	AGAP005285-RA_3+,CUFF.924.1_1+,CUFF.924.2_2+,CUFF.924.3_1+,CUFF.924.4_1+,CUFF.924.5_3+,CUFF.924.6_1+,CUFF.924.8_3+
ACOM028354-PA	0.869781	NA	0.867239	1	ACOM028354-PA,AGAP003417-PA,AGAP003417-RA_1+,AGAP003417-RB_1+,CUFF.5109.1_1+
AGAP008273-RA_3+	0.869781	NA	0.865054	1	AGAP008273-RA_3+,CUFF.9832.1_1+,CUFF.9832.2_3+,CUFF.9832.3_1+
AGAP003156-RA_2+	0.869781	NA	0.863788	1	AGAP003156-RA_2+
sp|P53855|ATG2_YEAST	0.869781	NA	0.863356	1	sp|P53855|ATG2_YEAST
CUFF.6272.1_1+	0.869781	NA	0.862830	1	CUFF.6272.1_1+,CUFF.6272.2_3+,CUFF.6272.3_3+
CUFF.5764.10_3+	0.869781	NA	0.861298	2	CUFF.5764.10_3+,CUFF.5764.11_3+,CUFF.5764.12_1+,CUFF.5764.1_2+,CUFF.5764.2_2+,CUFF.5764.3_2+,CUFF.5764.4_3+,CUFF.5764.5_2+,CUFF.5764.6_2+,CUFF.5764.7_2+,CUFF.5764.8_1+,CUFF.5764.9_1+
CUFF.3404.1_2+	0.869781	NA	0.860645	1	CUFF.3404.1_2+,CUFF.3404.2_1+
AGAP003128-RA_3+	0.869781	NA	0.859790	1	AGAP003128-RA_3+,CUFF.4840.1_2+,CUFF.4840.2_3+
ACOM039646-PA	0.869781	NA	0.859125	1	ACOM039646-PA,AGAP006487-PA,AGAP006487-RA_1+
AGAP001035-RA_2+	0.869781	NA	0.854815	1	AGAP001035-RA_2+,CUFF.17501.1_3+
CUFF.2144.2_1+	0.869781	NA	0.850804	1	CUFF.2144.2_1+,CUFF.2144.3_1+,CUFF.2144.9_1+
CUFF.13174.1_1+	0.869781	NA	0.850618	1	CUFF.13174.1_1+
ACOM027817-PA	0.869781	NA	0.847692	1	ACOM027817-PA,AGAP005288-PA,AGAP005288-RA_1+
CUFF.939.2_3+	0.869781	NA	0.847692	2	CUFF.939.2_3+,CUFF.939.3_1+,CUFF.939.7_3+,CUFF.939.9_1+
AGAP007103-RA_3+	0.869781	NA	0.847398	2	AGAP007103-RA_3+,AGAP007103-RB_3+,AGAP007103-RC_1+,AGAP007103-RD_2+
ACOM031437-PA	0.869781	NA	0.840531	1	ACOM031437-PA
ACOM034802-PA	0.869781	NA	0.838371	1	ACOM034802-PA,AGAP003837-PA,AGAP003837-RA_2+,AGAP003838-PA,AGAP003838-RA_2+
AGAP008156-RA_1+	0.869781	NA	0.835644	1	AGAP008156-RA_1+
AGAP004829-RA_3+	0.869781	NA	0.828181	1	AGAP004829-RA_3+,CUFF.418.1_2+
ACOM026843-PA	0.869781	NA	0.828083	1	ACOM026843-PA,AGAP009825-PA,AGAP009825-RA_1+
CUFF.1113.3_2+	0.869781	NA	0.825635	1	CUFF.1113.3_2+,CUFF.1113.4_2+,CUFF.1113.6_3+
AGAP012175-RA_3+	0.869781	NA	0.822648	1	AGAP012175-RA_3+,CUFF.9097.1_1+,CUFF.9097.2_3+,CUFF.9097.3_3+
AGAP003280-RA_2+	0.869781	NA	0.821436	1	AGAP003280-RA_2+,CUFF.4987.1_2+,CUFF.4987.2_3+
CUFF.5313.1_3+	0.869781	NA	0.819009	1	CUFF.5313.1_3+
AGAP008808-RA_3+	0.869781	NA	0.815810	1	AGAP008808-RA_3+
CUFF.16842.1_3+	0.869781	NA	0.812811	1	CUFF.16842.1_3+,CUFF.16842.2_3+
CUFF.16250.1_1+	0.869781	NA	0.812030	1	CUFF.16250.1_1+
AGAP004734-RA_2+	0.869781	NA	0.808043	1	AGAP004734-RA_2+,CUFF.349.1_2+,CUFF.349.2_2+,CUFF.349.3_2+,CUFF.349.4_2+,CUFF.349.5_3+
CUFF.16357.1_1+	0.869781	NA	0.806728	1	CUFF.16357.1_1+
ACOM038473-PA	0.869781	NA	0.805896	1	ACOM038473-PA
ACOM028814-PA	0.869781	NA	0.799833	1	ACOM028814-PA,AGAP003702-PA,AGAP003702-RA_1+,CUFF.5420.1_2+,CUFF.5420.2_3+,CUFF.5420.4_1+,CUFF.5420.5_1+,CUFF.5420.6_1+,CUFF.5420.7_3+
AGAP005288-RA_3+	0.869781	NA	0.797862	1	AGAP005288-RA_3+,AGAP005288-RB_3+,AGAP005288-RC_3+,CUFF.939.11_2+,CUFF.939.12_3+,CUFF.939.13_1+,CUFF.939.1_2+,CUFF.939.4_3+,CUFF.939.6_2+
CUFF.664.1_2+	0.869781	NA	0.796422	1	CUFF.664.1_2+
AGAP002274-PA	0.869781	NA	0.792823	1	AGAP002274-PA,AGAP002274-PB,AGAP002274-RA_1+,AGAP002274-RB_2+,CUFF.4117.12_3+,CUFF.4117.14_3+,CUFF.4117.16_2+,CUFF.4117.19_1+
AGAP000167-RA_3+	0.869781	NA	0.791948	1	AGAP000167-RA_3+
TCONS_00011421_3+	0.869781	NA	0.782259	1	TCONS_00011421_3+,TCONS_00011422_3+
AGAP010655-RA_3+	0.869781	NA	0.781373	1	AGAP010655-RA_3+,CUFF.7329.1_2+,CUFF.7329.2_1+,CUFF.7329.3_1+,CUFF.7329.4_1+
CUFF.16640.2_1+	0.869781	NA	0.780236	1	CUFF.16640.2_1+
AGAP011964-RA_2+	0.869781	NA	0.775326	1	AGAP011964-RA_2+
ACOM022879-PA	0.869781	NA	0.774567	1	ACOM022879-PA,AGAP010982-PA,CUFF.7646.1_1+
CUFF.9527.3_1+	0.869781	NA	0.772731	1	CUFF.9527.3_1+
TCONS_00038003_1+	0.869781	NA	0.772135	1	TCONS_00038003_1+
CUFF.4577.1_1+	0.869781	NA	0.768951	1	CUFF.4577.1_1+,CUFF.4577.2_2+
AGAP000414-RA_1+	0.869781	NA	0.768502	1	AGAP000414-RA_1+
ACOM040251-PA	0.869781	NA	0.768375	1	ACOM040251-PA
ACOM023099-PA	0.869781	NA	0.767639	1	ACOM023099-PA,AGAP028511-PA,TCONS_00020329_3+,TCONS_00020330_3+,TCONS_00020331_1+
ACOM025508-PA	0.869781	NA	0.766828	1	ACOM025508-PA
ACOM031811-PA	0.869781	NA	0.766069	1	ACOM031811-PA,AGAP011677-PA,CUFF.8607.1_2+,CUFF.8607.2_1+
ACOM039834-PA	0.869781	NA	0.764541	1	ACOM039834-PA,AGAP006379-PA,AGAP006379-RA_1+
TCONS_00023747_3+	0.869781	NA	0.763749	1	TCONS_00023747_3+
AGAP011393-RA_3+	0.869781	NA	0.755733	1	AGAP011393-RA_3+
AGAP012953-RA_1+	0.869781	NA	0.753982	1	AGAP012953-RA_1+,CUFF.16532.1_3+,CUFF.16532.2_2+,CUFF.16532.3_1+
CUFF.2775.1_2+	0.869781	NA	0.753727	1	CUFF.2775.1_2+
ACOM032151-PA	0.869781	NA	0.753180	1	ACOM032151-PA,AGAP011902-PA,AGAP011902-RA_3+
TCONS_00021048_3+	0.869781	NA	0.751011	1	TCONS_00021048_3+,TCONS_00021049_3+
AGAP013342-RA_3+	0.869781	NA	0.750950	1	AGAP013342-RA_3+,CUFF.5515.1_2+,CUFF.5515.2_3+
CUFF.5908.1_1+	0.869781	NA	0.749647	1	CUFF.5908.1_1+,CUFF.5908.2_2+,CUFF.5908.3_2+,CUFF.5908.4_3+
CUFF.11195.1_1+	0.869781	NA	0.748297	1	CUFF.11195.1_1+
AGAP008625-RA_2+	0.869781	NA	0.748261	1	AGAP008625-RA_2+,AGAP008625-RB_2+,CUFF.10140.1_2+
ACOM028537-PA	0.869781	NA	0.748173	1	ACOM028537-PA,AGAP003531-PA,AGAP003531-RA_1+
CUFF.9269.10_2+	0.869781	NA	0.743862	1	CUFF.9269.10_2+,CUFF.9269.12_1+,CUFF.9269.5_3+,CUFF.9269.7_3+,CUFF.9269.8_1+,CUFF.9269.9_3+
ACOM022976-PA	0.869781	NA	0.741535	1	ACOM022976-PA,AGAP011036-PA,AGAP011036-RA_1+,CUFF.7689.1_3+,CUFF.7689.2_2+,CUFF.7689.3_2+,CUFF.7689.5_2+
ACOM029334-PA	0.869781	NA	0.739800	1	ACOM029334-PA,AGAP009942-PA,AGAP009942-RA_1+
sp|Q02648|TRM44_YEAST	0.869781	NA	0.739155	1	sp|Q02648|TRM44_YEAST
AGAP005872-RA_2+	0.869781	NA	0.732161	1	AGAP005872-RA_2+,CUFF.1436.1_1+,CUFF.1436.2_2+
AGAP010413-RA_1+	0.869781	NA	0.728315	1	AGAP010413-RA_1+,CUFF.6870.1_2+,CUFF.6870.2_1+,CUFF.6870.3_2+,CUFF.6870.4_3+,CUFF.6870.5_2+
CUFF.2548.11_2+	0.869781	NA	0.728032	1	CUFF.2548.11_2+,CUFF.2548.4_3+,CUFF.2548.5_2+,CUFF.2548.6_1+,CUFF.2548.7_1+,CUFF.2548.8_2+,CUFF.2548.9_1+
AGAP005533-RA_2+	0.869781	NA	0.727360	1	AGAP005533-RA_2+,CUFF.1101.1_2+
ACOM041077-PA	0.869781	NA	0.727288	1	ACOM041077-PA,AGAP010480-PA,AGAP010480-PB,AGAP010480-RA_1+,CUFF.6986.1_3+,CUFF.6986.2_1+,CUFF.6986.3_2+
CUFF.3465.1_3+	0.869781	NA	0.727130	1	CUFF.3465.1_3+,CUFF.3465.2_2+,CUFF.3465.3_3+,CUFF.3465.4_2+,CUFF.3465.5_2+,CUFF.3465.6_1+
CUFF.2548.1_1+	0.869781	NA	0.725449	1	CUFF.2548.1_1+
ACOM031272-PA	0.869781	NA	0.723694	1	ACOM031272-PA,AGAP005765-PA,AGAP005765-RA_3+,CUFF.1314.1_2+,CUFF.1314.3_3+
AGAP008207-RA_3+	0.869781	NA	0.722187	1	AGAP008207-RA_3+,CUFF.9778.1_3+,CUFF.9778.2_2+
ACOM032601-PA	0.869781	NA	0.721082	1	ACOM032601-PA,AGAP009600-PA,AGAP009600-RA_3+
AGAP001585-RB_3+	0.869781	NA	0.720233	1	AGAP001585-RB_3+,AGAP001585-RC_1+
CUFF.966.1_2+	0.869781	NA	0.717750	1	CUFF.966.1_2+,CUFF.966.2_2+,CUFF.966.3_1+
TCONS_00031499_2+	0.869781	NA	0.716227	1	TCONS_00031499_2+
ACOM041056-PA	0.869781	NA	0.710626	1	ACOM041056-PA,AGAP004614-PA,AGAP004614-RA_1+
CUFF.15949.2_3+	0.869781	NA	0.707257	1	CUFF.15949.2_3+
CUFF.9165.1_3+	0.869781	NA	0.706689	2	CUFF.9165.1_3+,CUFF.9165.2_1+,CUFF.9165.3_3+,CUFF.9165.5_2+,CUFF.9165.6_2+,CUFF.9165.7_3+,CUFF.9165.8_2+
AGAP005611-RA_3+	0.869781	NA	0.704221	1	AGAP005611-RA_3+
sp|P40302|PSA6_YEAST	0.869781	NA	0.703393	1	sp|P40302|PSA6_YEAST
CUFF.9244.1_3+	0.869781	NA	0.697827	1	CUFF.9244.1_3+
ACOM030276-PA	0.869781	NA	0.696829	1	ACOM030276-PA,AGAP008249-PA,AGAP008249-RA_1+
ACOM036505-PA	0.869781	NA	0.691523	1	ACOM036505-PA,AGAP002695-PA,AGAP002695-RA_2+,CUFF.4427.1_2+,CUFF.4427.2_1+,CUFF.4427.4_1+,CUFF.4427.5_2+,CUFF.4427.6_1+
ACOM030605-PA	0.869781	NA	0.689772	1	ACOM030605-PA,AGAP008052-PA,AGAP008052-RA_1+
CUFF.1074.1_3+	0.869781	NA	0.687679	1	CUFF.1074.1_3+
TCONS_00016960_1+	0.869781	NA	0.687324	1	TCONS_00016960_1+,TCONS_00016961_2+
AGAP007791-RA_2+	0.869781	NA	0.684381	1	AGAP007791-RA_2+,AGAP007791-RB_2+,AGAP007791-RC_2+,AGAP007791-RD_2+,AGAP007791-RE_2+,CUFF.9495.1_3+,CUFF.9495.2_2+,CUFF.9495.3_2+
CUFF.4956.1_1+	0.869781	NA	0.683252	1	CUFF.4956.1_1+
AGAP009769-RA_1+	0.869781	NA	0.680492	1	AGAP009769-RA_1+
AGAP007293-RA_2+	0.869781	NA	0.678207	1	AGAP007293-RA_2+,CUFF.2603.6_1+,CUFF.2603.7_3+
AGAP000431-RA_2+	0.869781	NA	0.676012	1	AGAP000431-RA_2+,CUFF.16357.1_2+,CUFF.16357.3_2+
ACOM038450-PA	0.869781	NA	0.675284	1	ACOM038450-PA,AGAP004738-PA,AGAP004738-RA_1+,CUFF.291.1_1+
CUFF.8488.5_1+	0.869781	NA	0.669307	1	CUFF.8488.5_1+,CUFF.8488.6_1+,CUFF.8488.7_1+,CUFF.8488.8_2+,CUFF.8488.9_2+
AGAP003488-RA_3+	0.869781	NA	0.667987	1	AGAP003488-RA_3+
CUFF.3215.1_1+	0.869781	NA	0.666499	1	CUFF.3215.1_1+,CUFF.3215.4_3+,CUFF.3215.5_1+,CUFF.3215.6_1+
sp|Q03533|TDA1_YEAST	0.869781	NA	0.664174	1	sp|Q03533|TDA1_YEAST
CUFF.17097.10_1+	0.869781	NA	0.663942	1	CUFF.17097.10_1+,CUFF.17097.1_3+,CUFF.17097.2_2+,CUFF.17097.3_1+,CUFF.17097.4_3+,CUFF.17097.7_1+,CUFF.17097.8_1+
CUFF.4135.1_1+	0.869781	NA	0.663598	1	CUFF.4135.1_1+,CUFF.4135.2_1+
AGAP000689-RA_3+	0.869781	NA	0.662881	1	AGAP000689-RA_3+
ACOM035981-PA	0.869781	NA	0.660741	1	ACOM035981-PA,AGAP006568-PA
ACOM029432-PA	0.869781	NA	0.660037	1	ACOM029432-PA,AGAP010012-RA_1+,CUFF.11870.3_1+
CUFF.10150.1_2+	0.869781	NA	0.657819	1	CUFF.10150.1_2+,CUFF.10150.2_2+
ACOM024754-PA	0.869781	NA	0.656166	1	ACOM024754-PA,AGAP006055-PA,AGAP006055-RA_1+
AGAP011891-RA_1+	0.869781	NA	0.653992	1	AGAP011891-RA_1+,CUFF.8853.1_2+
AGAP001886-PA	0.869781	NA	0.652730	1	AGAP001886-PA,AGAP001886-RA_1+,CUFF.3622.1_1+,CUFF.3622.2_1+,CUFF.3622.3_3+,CUFF.3622.4_2+,CUFF.3622.5_3+,CUFF.3622.6_2+
AGAP001566-RA_3+	0.869781	NA	0.651957	1	AGAP001566-RA_3+,AGAP001566-RB_3+,CUFF.3357.1_2+,CUFF.3357.2_2+,CUFF.3357.3_2+,CUFF.3357.4_2+
ACOM039441-PA	0.869781	NA	0.651258	1	ACOM039441-PA
ACOM028680-PA	0.869781	NA	0.650449	1	ACOM028680-PA,AGAP003619-PA,AGAP003619-RA_1+
ACOM037644-PA	0.869781	NA	0.647422	1	ACOM037644-PA,AGAP002809-PA,AGAP002809-RA_3+
AGAP007777-RA_3+	0.869781	NA	0.642315	1	AGAP007777-RA_3+
CUFF.10147.7_1+	0.869781	NA	0.638795	1	CUFF.10147.7_1+,CUFF.10147.8_3+,CUFF.10147.9_2+
ACOM027132-PA	0.869781	NA	0.636487	1	ACOM027132-PA,AGAP009176-PA,AGAP009176-RA_2+,CUFF.10824.3_3+
CUFF.16546.1_1+	0.869781	NA	0.635767	1	CUFF.16546.1_1+
AGAP003211-RA_2+	0.869781	NA	0.635222	1	AGAP003211-RA_2+,CUFF.4899.1_3+,CUFF.4899.2_3+,CUFF.4899.3_1+
CUFF.3967.1_3+	0.869781	NA	0.634559	1	CUFF.3967.1_3+,CUFF.3967.3_1+
AGAP013148-RA_2+	0.869781	NA	0.631380	1	AGAP013148-RA_2+
AGAP000412-RA_2+	0.869781	NA	0.625657	1	AGAP000412-RA_2+,CUFF.6798.1_2+
ACOM033509-PA	0.869781	NA	0.622744	1	ACOM033509-PA
ACOM028636-PA	0.869781	NA	0.620405	1	ACOM028636-PA
AGAP002215-RA_3+	0.869781	NA	0.619170	1	AGAP002215-RA_3+,CUFF.4000.2_3+,CUFF.4000.4_3+
CUFF.4000.1_2+	0.869781	NA	0.619170	2	CUFF.4000.1_2+,CUFF.4000.3_3+
sp|P46670|TBCC_YEAST	0.869781	NA	0.618938	1	sp|P46670|TBCC_YEAST
AGAP006061-RA_3+	0.869781	NA	0.617566	1	AGAP006061-RA_3+
AGAP010201-RA_3+	0.869781	NA	0.616575	1	AGAP010201-RA_3+,CUFF.12112.1_1+,CUFF.12112.2_1+,CUFF.12112.3_2+
AGAP005816-RA_3+	0.869781	NA	0.615811	1	AGAP005816-RA_3+,AGAP005816-RB_3+,CUFF.1416.1_1+,CUFF.1416.2_2+,CUFF.1416.5_2+
AGAP010236-PA	0.869781	NA	0.614158	1	AGAP010236-PA,AGAP010236-RA_3+,AGAP010236-RB_1+,AGAP010237-PA,AGAP010237-RA_1+,AGAP010237-RB_3+,CUFF.12113.1_3+,CUFF.12113.2_3+,CUFF.12113.4_2+
CUFF.846.2_3+	0.869781	NA	0.611598	1	CUFF.846.2_3+
ACOM031324-PA	0.869781	NA	0.611500	1	ACOM031324-PA,AGAP007051-PA,AGAP007051-RA_1+,CUFF.2652.1_2+,CUFF.2652.2_3+,CUFF.2652.3_1+,CUFF.2652.4_3+
CUFF.907.1_1+	0.869781	NA	0.611462	1	CUFF.907.1_1+,CUFF.907.2_3+,CUFF.907.3_3+,CUFF.907.5_3+,CUFF.907.6_3+
AGAP009830-PA	0.869781	NA	0.609122	1	AGAP009830-PA,AGAP009830-RA_1+
AGAP013178-RA_3+	0.869781	NA	0.609042	1	AGAP013178-RA_3+,CUFF.3792.1_2+,CUFF.3792.2_2+,CUFF.3792.3_3+,CUFF.3792.4_1+,CUFF.3792.5_3+
AGAP008435-RA_2+	0.869781	NA	0.605455	1	AGAP008435-RA_2+,CUFF.10014.1_3+,CUFF.10014.2_1+,CUFF.10014.3_3+,CUFF.10014.4_3+
AGAP001267-RA_2+	0.869781	NA	0.604203	1	AGAP001267-RA_2+,CUFF.3063.1_3+,CUFF.3063.2_3+,CUFF.3063.3_3+,CUFF.3063.5_3+
AGAP005242-RA_2+	0.869781	NA	0.598341	1	AGAP005242-RA_2+,CUFF.860.1_1+,CUFF.860.2_3+
sp|P04819|DNLI1_YEAST	0.869781	NA	0.593345	1	sp|P04819|DNLI1_YEAST
AGAP011666-RA_3+	0.869781	NA	0.592879	1	AGAP011666-RA_3+,AGAP011667-RA_3+,CUFF.8594.1_1+,CUFF.8594.2_1+,CUFF.8605.2_2+,CUFF.8605.3_1+,CUFF.8605.4_3+
ACOM038028-PA	0.869781	NA	0.592074	1	ACOM038028-PA,AGAP028041-RA_1+,AGAP029189-PA,CUFF.8067.1_1+
AGAP006786-RA_3+	0.869781	NA	0.591601	1	AGAP006786-RA_3+
ACOM025466-PA	0.869781	NA	0.589566	1	ACOM025466-PA,AGAP007256-PA,AGAP007256-RA_1+,CUFF.2675.1_1+,CUFF.2675.2_1+,CUFF.2675.6_3+,CUFF.2675.7_3+
AGAP009990-RA_1+	0.869781	NA	0.585225	2	AGAP009990-RA_1+,CUFF.11859.2_1+,CUFF.11859.8_1+,CUFF.11859.9_1+
AGAP029059-PA	0.869781	NA	0.583530	1	AGAP029059-PA
sp|P20840|SAG1_YEAST	0.869781	NA	0.579686	1	sp|P20840|SAG1_YEAST
AGAP004664-RA_2+	0.869781	NA	0.577911	1	AGAP004664-RA_2+,CUFF.6496.1_1+,CUFF.6496.2_3+,CUFF.6496.3_3+,CUFF.6496.4_1+,CUFF.6496.5_1+,CUFF.6496.6_3+
AGAP009695-PA	0.869781	NA	0.577528	1	AGAP009695-PA,AGAP009695-RA_1+,CUFF.11631.1_1+,CUFF.11631.2_3+
TCONS_00028229_2+	0.869781	NA	0.575583	1	TCONS_00028229_2+
ACOM036188-PA	0.869781	NA	0.570338	1	ACOM036188-PA
CUFF.9469.1_2+	0.869781	NA	0.567863	1	CUFF.9469.1_2+,CUFF.9469.2_1+
AGAP007661-RA_2+	0.869781	NA	0.567404	1	AGAP007661-RA_2+
AGAP009601-RA_3+	0.869781	NA	0.565827	1	AGAP009601-RA_3+
sp|P25270|MRM1_YEAST	0.869781	NA	0.565064	1	sp|P25270|MRM1_YEAST
CUFF.9864.1_3+	0.869781	NA	0.564609	1	CUFF.9864.1_3+
ACOM031804-PA	0.869781	NA	0.559631	1	ACOM031804-PA,AGAP011666-PA,AGAP011666-RA_1+,AGAP011667-RA_1+,CUFF.8594.1_2+,CUFF.8594.2_2+,CUFF.8605.2_3+,CUFF.8605.3_2+
ACOM024722-PA	0.869781	NA	0.559449	1	ACOM024722-PA
CUFF.2341.1_2+	0.869781	NA	0.558944	1	CUFF.2341.1_2+
AGAP009682-RA_2+	0.869781	NA	0.554294	1	AGAP009682-RA_2+,CUFF.11391.1_1+
CUFF.16800.1_1+	0.869781	NA	0.552344	1	CUFF.16800.1_1+,CUFF.16800.2_3+,CUFF.16800.3_1+,CUFF.16800.4_2+,CUFF.16800.5_3+
AGAP007772-RA_1+	0.869781	NA	0.549260	1	AGAP007772-RA_1+
ACOM024408-PA	0.869781	NA	0.549244	1	ACOM024408-PA,AGAP005010-PA,AGAP005010-RA_1+,CUFF.652.1_2+,CUFF.652.2_2+,CUFF.652.3_3+,CUFF.652.4_1+,CUFF.652.6_1+
ACOM035330-PA	0.869781	NA	0.548161	1	ACOM035330-PA
CUFF.1424.3_1+	0.869781	NA	0.547298	1	CUFF.1424.3_1+
ACOM026478-PA	0.869781	NA	0.542782	1	ACOM026478-PA,AGAP012168-PA,AGAP012168-RA_1+,CUFF.9090.1_1+,CUFF.9090.2_1+
CUFF.9257.1_2+	0.869781	NA	0.542323	1	CUFF.9257.1_2+,CUFF.9257.2_2+
sp|Q01846|MDM1_YEAST	0.869781	NA	0.538180	1	sp|Q01846|MDM1_YEAST
AGAP010704-RA_2+	0.869781	NA	0.537387	1	AGAP010704-RA_2+
CUFF.5946.1_1+	0.869781	NA	0.536554	1	CUFF.5946.1_1+,CUFF.5946.2_2+,CUFF.5946.3_2+
sp|Q06523|YP148_YEAST	0.869781	NA	0.534550	1	sp|Q06523|YP148_YEAST
CUFF.16402.2_2+	0.869781	NA	0.532771	1	CUFF.16402.2_2+
AGAP006738-RA_2+	0.869781	NA	0.530766	1	AGAP006738-RA_2+
CUFF.5036.1_3+	0.869781	NA	0.530048	1	CUFF.5036.1_3+,CUFF.5036.5_3+,CUFF.5036.6_3+
AGAP000769-RA_2+	0.869781	NA	0.525614	1	AGAP000769-RA_2+,AGAP000769-RB_1+,CUFF.16802.1_2+,CUFF.16802.2_3+
CUFF.4357.1_3+	0.869781	NA	0.525283	1	CUFF.4357.1_3+,CUFF.4357.2_3+
CUFF.13137.2_2+	0.869781	NA	0.523742	1	CUFF.13137.2_2+
AGAP003686-PA	0.869781	NA	0.523042	1	AGAP003686-PA,AGAP003686-RA_1+,CUFF.5361.1_3+,CUFF.5361.2_1+
AGAP028050-RA_3+	0.869781	NA	0.521228	1	AGAP028050-RA_3+,CUFF.10290.1_1+
AGAP004224-RA_3+	0.869781	NA	0.519283	1	AGAP004224-RA_3+,CUFF.5876.1_1+,CUFF.5876.2_2+
CUFF.17131.1_3+	0.869781	NA	0.518223	1	CUFF.17131.1_3+,CUFF.17131.2_1+
sp|Q06706|ELP1_YEAST	0.869781	NA	0.517675	1	sp|Q06706|ELP1_YEAST
ACOM033511-PA	0.869781	NA	0.517366	1	ACOM033511-PA
AGAP007714-RA_1+	0.869781	NA	0.516255	1	AGAP007714-RA_1+,CUFF.2989.10_2+,CUFF.2989.11_1+,CUFF.2989.12_2+,CUFF.2989.13_3+,CUFF.2989.3_1+,CUFF.2989.4_2+,CUFF.2989.5_1+,CUFF.2989.6_1+,CUFF.2989.8_1+,CUFF.2989.9_2+
CUFF.3121.1_1+	0.869781	NA	0.510204	1	CUFF.3121.1_1+
AGAP003714-RA_2+	0.869781	NA	0.507960	1	AGAP003714-RA_2+,CUFF.5390.2_2+
AGAP006178-RA_1+	0.869781	NA	0.504184	1	AGAP006178-RA_1+
TCONS_00033936_2+	0.869781	NA	0.502927	1	TCONS_00033936_2+,TCONS_00034800_3+
CUFF.3781.2_1+	0.869781	NA	0.502339	1	CUFF.3781.2_1+
AGAP000847-RC_3+	0.869781	NA	0.499962	1	AGAP000847-RC_3+,CUFF.17097.2_1+,CUFF.17097.3_3+,CUFF.17097.4_2+
AGAP011968-PA	0.869781	NA	0.499091	1	AGAP011968-PA,AGAP011968-RA_1+,CUFF.8956.1_2+
AGAP008117-PA	0.869781	NA	0.493358	1	AGAP008117-PA,AGAP008117-RA_1+
CUFF.17716.1_3+	0.869781	NA	0.490688	1	CUFF.17716.1_3+,CUFF.17716.2_1+,CUFF.17716.3_1+,CUFF.17716.4_1+,CUFF.17716.5_3+
AGAP007894-RA_3+	0.869781	NA	0.488926	1	AGAP007894-RA_3+,CUFF.9889.1_2+
ACOM042220-PA	0.869781	NA	0.483558	1	ACOM042220-PA,AGAP002104-PA,AGAP002104-RA_1+,CUFF.3912.1_3+,CUFF.3912.2_3+,CUFF.3912.3_3+,CUFF.3912.5_1+
AGAP002891-RA_3+	0.869781	NA	0.480808	1	AGAP002891-RA_3+,AGAP002891-RB_3+,AGAP002891-RC_3+,AGAP002891-RD_3+,AGAP002891-RE_3+,CUFF.4617.10_1+,CUFF.4617.11_2+,CUFF.4617.12_2+,CUFF.4617.13_2+,CUFF.4617.14_2+,CUFF.4617.1_2+,CUFF.4617.2_1+,CUFF.4617.3_1+,CUFF.4617.4_1+,CUFF.4617.5_3+,CUFF.4617.6_2+,CUFF.4617.7_2+,CUFF.4617.8_3+,CUFF.4617.9_3+
AGAP004446-RA_3+	0.869781	NA	0.479867	1	AGAP004446-RA_3+,CUFF.6150.1_2+,CUFF.6150.2_1+,CUFF.6150.3_3+,CUFF.6150.4_1+,CUFF.6150.5_2+
AGAP008528-RA_3+	0.869781	NA	0.479178	1	AGAP008528-RA_3+,AGAP008528-RB_2+,CUFF.10033.1_2+
ACOM032859-PA	0.869781	NA	0.478930	1	ACOM032859-PA,AGAP009329-PA,AGAP009329-RA_2+,CUFF.11011.2_1+
CUFF.9774.1_1+	0.869781	NA	0.476390	1	CUFF.9774.1_1+,CUFF.9774.2_2+,CUFF.9774.3_1+,CUFF.9774.4_1+
AGAP005840-RA_3+	0.869781	NA	0.475576	1	AGAP005840-RA_3+,AGAP029512-PA,AGAP029512-PB,AGAP029512-PC,CUFF.1473.10_2+,CUFF.1473.11_1+,CUFF.1473.12_1+,CUFF.1473.13_1+,CUFF.1473.14_1+,CUFF.1473.15_1+,CUFF.1473.16_3+,CUFF.1473.17_3+,CUFF.1473.18_2+,CUFF.1473.2_3+,CUFF.1473.3_3+,CUFF.1473.4_3+,CUFF.1473.5_1+,CUFF.1473.6_1+,CUFF.1473.7_1+,CUFF.1473.8_1+,CUFF.1473.9_1+
CUFF.8415.1_3+	0.869781	NA	0.475510	1	CUFF.8415.1_3+,CUFF.8415.2_1+,CUFF.8415.3_2+
CUFF.651.2_2+	0.869781	NA	0.474160	1	CUFF.651.2_2+
ACOM027894-PA	0.869781	NA	0.472641	1	ACOM027894-PA,AGAP005345-PA,AGAP005345-RA_1+
AGAP009554-RA_3+	0.869781	NA	0.470787	1	AGAP009554-RA_3+,CUFF.11344.12_1+,CUFF.11344.13_3+,CUFF.11344.17_3+,CUFF.11344.18_3+,CUFF.11344.19_2+,CUFF.11344.1_3+,CUFF.11344.5_3+,CUFF.11344.6_3+,CUFF.11344.7_3+,CUFF.11344.8_3+,CUFF.11344.9_1+
AGAP007833-PA	0.869781	NA	0.465782	1	AGAP007833-PA,AGAP007833-RA_1+,CUFF.9461.1_2+
CUFF.16665.1_3+	0.869781	NA	0.465169	1	CUFF.16665.1_3+,CUFF.16665.2_3+
CUFF.4398.5_3+	0.869781	NA	0.464789	1	CUFF.4398.5_3+,CUFF.4398.6_3+
CUFF.3377.1_2+	0.869781	NA	0.462473	1	CUFF.3377.1_2+,CUFF.3377.2_1+,CUFF.3377.3_3+,CUFF.3377.4_2+
AGAP003025-RA_2+	0.869781	NA	0.457510	1	AGAP003025-RA_2+,AGAP003025-RB_1+,AGAP003025-RC_1+,CUFF.4695.4_3+
TCONS_00023507_1+	0.869781	NA	0.457507	1	TCONS_00023507_1+
CUFF.843.1_3+	0.869781	NA	0.454061	1	CUFF.843.1_3+,CUFF.843.2_3+
ACOM040003-PA	0.869781	NA	0.449040	1	ACOM040003-PA,AGAP006238-PA,AGAP006238-RA_3+,CUFF.1791.1_2+
AGAP011871-RA_2+	0.869781	NA	0.440599	1	AGAP011871-RA_2+,CUFF.8995.10_2+,CUFF.8995.11_1+,CUFF.8995.1_1+,CUFF.8995.2_3+,CUFF.8995.3_3+,CUFF.8995.4_3+,CUFF.8995.5_2+,CUFF.8995.6_1+,CUFF.8995.7_3+,CUFF.8995.8_3+,CUFF.8995.9_2+
sp|P17883|SKI3_YEAST	0.869781	NA	0.440514	1	sp|P17883|SKI3_YEAST
AGAP013256-RA_1+	0.869781	NA	0.440200	1	AGAP013256-RA_1+,CUFF.5434.3_2+
AGAP001291-RA_2+	0.869781	NA	0.438435	1	AGAP001291-RA_2+
AGAP009877-RA_2+	0.869781	NA	0.434512	1	AGAP009877-RA_2+
CUFF.2405.1_1+	0.869781	NA	0.425656	1	CUFF.2405.1_1+
ACOM041524-PA	0.869781	NA	0.425058	1	ACOM041524-PA,AGAP011444-PA,AGAP011444-RA_3+,AGAP012608-PA,AGAP012608-RA_2+,CUFF.8231.1_3+,CUFF.8231.2_1+,CUFF.8231.3_3+
ACOM023612-PA	0.869781	NA	0.421044	1	ACOM023612-PA,AGAP001948-PA,AGAP001948-RA_1+
AGAP007021-RA_1+	0.869781	NA	0.418944	1	AGAP007021-RA_1+
sp|P40094|COG3_YEAST	0.869781	NA	0.417613	1	sp|P40094|COG3_YEAST
AGAP010819-RA_3+	0.869781	NA	0.415514	1	AGAP010819-RA_3+
AGAP008910-RA_2+	0.869781	NA	0.414984	1	AGAP008910-RA_2+,CUFF.10453.1_2+,CUFF.10453.2_2+,CUFF.10453.3_2+,CUFF.10453.4_1+
CUFF.11596.1_3+	0.869781	NA	0.413534	1	CUFF.11596.1_3+
AGAP003489-RA_2+	0.869781	NA	0.412473	1	AGAP003489-RA_2+,CUFF.5204.1_2+
ACOM024079-PA	0.869781	NA	0.412471	1	ACOM024079-PA,AGAP003940-PA,AGAP003940-RA_1+,CUFF.5645.1_2+
CUFF.5751.6_3+	0.869781	NA	0.410067	1	CUFF.5751.6_3+,CUFF.5751.7_3+
CUFF.16510.1_1+	0.869781	NA	0.404791	1	CUFF.16510.1_1+
CUFF.7924.2_1+	0.869781	NA	0.401873	1	CUFF.7924.2_1+,CUFF.7924.3_1+
CUFF.1544.1_1+	0.869781	NA	0.395763	1	CUFF.1544.1_1+,CUFF.1544.2_1+,CUFF.1544.3_1+,CUFF.1544.4_2+
AGAP007989-RA_2+	0.869781	NA	0.391441	1	AGAP007989-RA_2+,CUFF.9601.1_1+
CUFF.8770.2_2+	0.869781	NA	0.390915	1	CUFF.8770.2_2+,CUFF.8770.3_3+,CUFF.8770.4_1+
CUFF.9764.2_3+	0.869781	NA	0.386177	1	CUFF.9764.2_3+
CUFF.16609.1_2+	0.869781	NA	0.385751	2	CUFF.16609.1_2+,CUFF.16609.2_2+
AGAP007482-RA_2+	0.869781	NA	0.383435	1	AGAP007482-RA_2+
AGAP000560-RA_3+	0.869781	NA	0.383155	1	AGAP000560-RA_3+
ACOM024027-PA	0.869781	NA	0.382404	1	ACOM024027-PA,AGAP003972-PA,AGAP003972-RA_1+,CUFF.5691.1_2+,CUFF.5691.2_3+,CUFF.5691.3_3+
CUFF.1190.10_2+	0.869781	NA	0.371954	1	CUFF.1190.10_2+,CUFF.1190.1_2+,CUFF.1190.2_3+,CUFF.1190.3_2+,CUFF.1190.4_1+,CUFF.1190.5_2+,CUFF.1190.6_1+,CUFF.1190.7_2+,CUFF.1190.8_2+,CUFF.1190.9_2+
AGAP000565-PA	0.869781	NA	0.371794	1	AGAP000565-PA,AGAP000565-PB,AGAP000565-PC,AGAP000565-RA_3+,AGAP000565-RB_2+,AGAP000565-RC_3+,CUFF.17105.2_3+
CUFF.10144.1_3+	0.869781	NA	0.368422	1	CUFF.10144.1_3+
CUFF.4860.1_1+	0.869781	NA	0.365059	1	CUFF.4860.1_1+
AGAP009780-RA_1+	0.869781	NA	0.362977	1	AGAP009780-RA_1+,CUFF.11566.1_1+,CUFF.11566.2_3+
CUFF.8415.2_2+	0.869781	NA	0.361432	1	CUFF.8415.2_2+,CUFF.8415.3_3+
AGAP008817-RA_2+	0.869781	NA	0.360938	1	AGAP008817-RA_2+
AGAP001224-RA_2+	0.869781	NA	0.356928	1	AGAP001224-RA_2+
AGAP009775-RA_2+	0.869781	NA	0.356016	1	AGAP009775-RA_2+,CUFF.11564.1_2+,CUFF.11564.2_1+,CUFF.11564.3_3+,CUFF.11564.5_2+
CUFF.16264.3_3+	0.869781	NA	0.352646	1	CUFF.16264.3_3+,CUFF.16264.4_1+
AGAP001775-RA_3+	0.869781	NA	0.351620	1	AGAP001775-RA_3+,CUFF.3532.1_3+,CUFF.3532.2_3+,CUFF.3532.3_1+,CUFF.3532.4_3+,CUFF.3532.5_1+
CUFF.11152.1_1+	0.869781	NA	0.346655	1	CUFF.11152.1_1+,CUFF.11152.2_1+
ACOM035295-PA	0.869781	NA	0.343247	1	ACOM035295-PA,ACOM035295-PB,ACOM035295-PC,ACOM035295-PD,ACOM035295-PE,ACOM035295-PF,AGAP005203-PA,AGAP005203-PB,AGAP005203-PC,AGAP005203-PD,AGAP005203-PE,AGAP005203-PF,AGAP005203-RA_3+,AGAP005203-RB_3+,AGAP005203-RC_3+,AGAP005203-RD_3+,AGAP005203-RE_2+,AGAP005203-RF_2+,AGAP005203-RH_3+,AGAP005203-RJ_3+,CUFF.839.8_1+
TCONS_00021014_3+	0.869781	NA	0.337014	1	TCONS_00021014_3+
AGAP002102-RA_3+	0.869781	NA	0.335794	1	AGAP002102-RA_3+
AGAP011108-RA_2+	0.869781	NA	0.334490	1	AGAP011108-RA_2+
CUFF.11249.1_3+	0.869781	NA	0.333616	1	CUFF.11249.1_3+,CUFF.11249.2_3+,CUFF.11249.3_3+
CUFF.5547.5_2+	0.869781	NA	0.332932	1	CUFF.5547.5_2+
AGAP003983-PA	0.869781	NA	0.332645	1	AGAP003983-PA,AGAP003983-RA_1+
CUFF.12056.1_3+	0.869781	NA	0.330029	1	CUFF.12056.1_3+,CUFF.12056.2_2+,CUFF.12056.3_2+
CUFF.1178.1_3+	0.869781	NA	0.326268	1	CUFF.1178.1_3+,CUFF.1178.2_2+,CUFF.1178.3_3+,CUFF.1178.4_1+,CUFF.1178.5_3+,CUFF.1178.6_3+,TCONS_00034817_3+
AGAP003047-RA_1+	0.869781	NA	0.325064	1	AGAP003047-RA_1+,AGAP003047-RB_1+,AGAP003047-RC_1+,AGAP003047-RD_2+,CUFF.4721.1_2+,CUFF.4721.2_3+
AGAP010490-RA_3+	0.869781	NA	0.323830	1	AGAP010490-RA_3+,AGAP010490-RB_3+,CUFF.7056.1_1+,CUFF.7056.2_1+,CUFF.7056.3_1+
AGAP011551-RA_2+	0.869781	NA	0.320624	1	AGAP011551-RA_2+,CUFF.8832.1_1+,CUFF.8832.2_1+,CUFF.8832.3_1+
AGAP000443-RA_1+	0.869781	NA	0.318001	1	AGAP000443-RA_1+,AGAP029047-PA,CUFF.16393.1_1+,CUFF.16393.3_3+,CUFF.16393.4_1+
TCONS_00015267_1+	0.869781	NA	0.317096	1	TCONS_00015267_1+
ACOM034726-PA	0.869781	NA	0.316355	1	ACOM034726-PA,AGAP003882-PA,AGAP003882-PB,AGAP003882-RA_1+,AGAP003882-RB_1+,CUFF.5551.1_1+,CUFF.5551.2_1+
sp|P14832|CYPH_YEAST	0.869781	NA	0.312810	1	sp|P14832|CYPH_YEAST
AGAP011827-RA_2+	0.869781	NA	0.303700	1	AGAP011827-RA_2+,CUFF.8783.1_3+
sp|P31412|VATC_YEAST	0.869781	NA	0.302721	1	sp|P31412|VATC_YEAST
AGAP004823-RA_3+	0.869781	NA	0.300768	1	AGAP004823-RA_3+,CUFF.438.1_2+,CUFF.438.2_3+
AGAP009933-RA_3+	0.869781	NA	0.299899	1	AGAP009933-RA_3+,CUFF.11751.1_3+,CUFF.11751.3_3+
AGAP007168-RA_2+	0.869781	NA	0.299109	1	AGAP007168-RA_2+
AGAP011034-RA_2+	0.869781	NA	0.297941	1	AGAP011034-RA_2+,CUFF.7723.1_1+,CUFF.7723.2_1+,CUFF.7723.3_2+,CUFF.7723.6_3+,CUFF.7723.7_3+
sp|Q06698|YL419_YEAST	0.869781	NA	0.296618	1	sp|Q06698|YL419_YEAST
AGAP002822-PA	0.869781	NA	0.294337	1	AGAP002822-PA,AGAP002822-RA_1+,CUFF.4507.1_1+
CUFF.2135.1_1+	0.869781	NA	0.291744	1	CUFF.2135.1_1+,CUFF.2135.2_1+
CUFF.5330.1_2+	0.869781	NA	0.291191	1	CUFF.5330.1_2+
AGAP010251-RA_3+	0.869781	NA	0.288469	1	AGAP010251-RA_3+,CUFF.12130.1_3+
AGAP012544-RA_2+	0.869781	NA	0.282686	1	AGAP012544-RA_2+
AGAP004119-RA_3+	0.869781	NA	0.281969	1	AGAP004119-RA_3+,CUFF.5799.1_1+,CUFF.5799.2_1+,CUFF.5799.3_1+,CUFF.5799.4_2+,CUFF.5799.5_3+
TCONS_00015169_2+	0.869781	NA	0.279650	1	TCONS_00015169_2+
AGAP001820-PA	0.869781	NA	0.279455	1	AGAP001820-PA,AGAP001820-RA_1+,CUFF.3599.1_2+,CUFF.3599.2_1+
ACOM023690-PA	0.869781	NA	0.277974	1	ACOM023690-PA,AGAP001896-PA,AGAP001896-RA_3+
CUFF.9490.2_1+	0.869781	NA	0.275492	1	CUFF.9490.2_1+,CUFF.9490.3_1+
ACOM043192-PA	0.869781	NA	0.270260	1	ACOM043192-PA
AGAP003983-RA_2+	0.869781	NA	0.270152	1	AGAP003983-RA_2+
sp|P38140|ERT1_YEAST	0.869781	NA	0.263281	1	sp|P38140|ERT1_YEAST
ACOM030247-PA	0.869781	NA	0.262176	1	ACOM030247-PA,AGAP008263-PA,AGAP008263-RA_2+
CUFF.9872.1_3+	0.869781	NA	0.256603	1	CUFF.9872.1_3+
CUFF.4618.1_1+	0.869781	NA	0.254398	1	CUFF.4618.1_1+,CUFF.4618.2_2+,CUFF.4618.3_2+,CUFF.4618.4_2+,CUFF.4618.5_3+,CUFF.4618.6_1+,CUFF.4618.7_1+
AGAP010187-RA_2+	0.869781	NA	0.250522	1	AGAP010187-RA_2+
AGAP002243-RA_2+	0.869781	NA	0.246812	1	AGAP002243-RA_2+,CUFF.3996.1_2+
AGAP002365-RA_2+	0.869781	NA	0.238326	1	AGAP002365-RA_2+,CUFF.4078.1_2+
gi|27371164|gb|AAH41070.1|	0.869781	NA	0.238276	1	gi|27371164|gb|AAH41070.1|,gi|46575688|gb|AAH69135.1|
AGAP012417-RA_3+	0.869781	NA	0.236521	1	AGAP012417-RA_3+
CUFF.9728.1_2+	0.869781	NA	0.234455	1	CUFF.9728.1_2+
CUFF.11731.2_3+	0.869781	NA	0.233155	1	CUFF.11731.2_3+
ACOM023142-PA	0.869781	NA	0.232801	1	ACOM023142-PA,AGAP011127-PA,AGAP011127-RA_1+,CUFF.7861.1_1+
TCONS_00038041_3+	0.869781	NA	0.232181	1	TCONS_00038041_3+
AGAP004131-RA_3+	0.869781	NA	0.232141	1	AGAP004131-RA_3+
ACOM024383-PA	0.869781	NA	0.230039	1	ACOM024383-PA,AGAP008848-PA,AGAP008848-RA_1+,CUFF.10386.1_1+
ACOM031600-PA	0.869781	NA	0.224853	1	ACOM031600-PA,AGAP006873-PA,AGAP006873-RA_1+,CUFF.2313.1_2+,CUFF.2313.2_1+,CUFF.2313.3_1+,CUFF.2313.4_2+
ACOM026880-PA	0.869781	NA	0.217950	1	ACOM026880-PA,AGAP009780-PA,AGAP009780-RA_2+,CUFF.11566.1_2+,CUFF.11566.2_1+
ACOM028771-PA	0.869781	NA	0.216556	1	ACOM028771-PA
AGAP010160-RA_2+	0.869781	NA	0.211745	1	AGAP010160-RA_2+,CUFF.12010.1_2+,CUFF.12010.2_2+
AGAP013292-RA_2+	0.869781	NA	0.210825	1	AGAP013292-RA_2+,CUFF.4864.1_2+
ACOM028352-PA	0.869781	NA	0.208933	1	ACOM028352-PA,AGAP003406-PA,AGAP003406-RA_1+
CUFF.11960.1_3+	0.869781	NA	0.204578	1	CUFF.11960.1_3+
sp|P48510|DSK2_YEAST	0.869781	NA	0.202860	1	sp|P48510|DSK2_YEAST
ACOM040706-PA	0.869781	NA	0.190801	1	ACOM040706-PA,AGAP008893-PA
AGAP013416-RA_2+	0.869781	NA	0.187543	1	AGAP013416-RA_2+,CUFF.4451.1_1+
ACOM030173-PA	0.869781	NA	0.187214	1	ACOM030173-PA,AGAP008305-PA,AGAP008305-RA_3+,AGAP008305-RB_3+,AGAP008305-RC_1+,CUFF.9967.1_3+
sp|P32597|STH1_YEAST	0.869781	NA	0.185091	1	sp|P32597|STH1_YEAST
sp|P53208|EAT1_YEAST	0.869781	NA	0.184381	1	sp|P53208|EAT1_YEAST
AGAP005541-RA_3+	0.869781	NA	0.183275	1	AGAP005541-RA_3+,CUFF.1105.1_3+
CUFF.10467.1_2+	0.869781	NA	0.182677	1	CUFF.10467.1_2+
AGAP003651-RA_3+	0.869781	NA	0.181749	1	AGAP003651-RA_3+,AGAP003651-RB_3+,CUFF.5381.2_1+,CUFF.5381.3_2+,CUFF.5381.4_2+,CUFF.5381.5_2+,TCONS_00034122_3+,TCONS_00034304_3+,TCONS_00034305_3+
ACOM025641-PA	0.869781	NA	0.178702	1	ACOM025641-PA,AGAP007395-PA,AGAP007395-RA_1+
AGAP005076-RA_2+	0.869781	NA	0.168896	1	AGAP005076-RA_2+,CUFF.759.5_2+,CUFF.759.6_1+
CUFF.5204.1_3+	0.869781	NA	0.166773	1	CUFF.5204.1_3+
CUFF.17494.2_2+	0.869781	NA	0.164500	1	CUFF.17494.2_2+
CUFF.3006.6_2+	0.869781	NA	0.161635	1	CUFF.3006.6_2+
CUFF.1581.1_3+	0.869781	NA	0.160983	1	CUFF.1581.1_3+,CUFF.1581.2_3+,CUFF.1581.3_3+,CUFF.1581.4_3+,CUFF.1581.5_3+,CUFF.1581.6_3+
ACOM024928-PA	0.869781	NA	0.158195	1	ACOM024928-PA,AGAP005938-PA,AGAP005938-RA_1+,CUFF.1502.1_2+
CUFF.5312.1_2+	0.869781	NA	0.157054	1	CUFF.5312.1_2+,CUFF.5312.2_3+,CUFF.5312.4_2+,CUFF.5312.5_2+
ACOM025957-PA	0.869781	NA	0.153980	1	ACOM025957-PA,AGAP007659-PA,AGAP007659-PB,AGAP007659-RA_1+,AGAP007659-RB_1+
ACOM032382-PA	0.869781	NA	0.153558	1	ACOM032382-PA,AGAP009488-PA,AGAP009488-RA_1+
TCONS_00018102_3+	0.869781	NA	0.148592	1	TCONS_00018102_3+
AGAP006758-RA_3+	0.869781	NA	0.147898	1	AGAP006758-RA_3+,CUFF.2205.2_3+
sp|P42223|SBE2_YEAST	0.869781	NA	0.143980	1	sp|P42223|SBE2_YEAST
ACOM036444-PA	0.869781	NA	0.141681	1	ACOM036444-PA,AGAP002735-PA,AGAP002735-RA_1+,CUFF.4449.1_1+,CUFF.4449.2_1+
ACOM030841-PA	0.869781	NA	0.135446	1	ACOM030841-PA,AGAP007890-PA,AGAP007890-RA_1+
AGAP008758-RA_2+	0.869781	NA	0.135256	1	AGAP008758-RA_2+
AGAP009197-RA_2+	0.869781	NA	0.133722	1	AGAP009197-RA_2+
AGAP000337-RA_3+	0.869781	NA	0.133637	1	AGAP000337-RA_3+,CUFF.16211.1_3+
AGAP006647-RA_3+	0.869781	NA	0.128330	1	AGAP006647-RA_3+,AGAP006647-RB_3+,CUFF.2124.1_3+,CUFF.2124.3_1+,CUFF.2124.4_1+,CUFF.2124.5_2+,CUFF.2124.6_2+,CUFF.2124.7_1+,CUFF.2124.8_3+
ACOM030237-PA	0.869781	NA	0.119778	1	ACOM030237-PA
TCONS_00028137_2+	0.869781	NA	0.119164	1	TCONS_00028137_2+
ACOM041486-PA	0.869781	NA	0.115194	1	ACOM041486-PA,AGAP028522-PA,TCONS_00023805_2+,TCONS_00023806_3+,TCONS_00023807_2+,TCONS_00023808_1+,TCONS_00023809_2+,TCONS_00023810_2+
ACOM029122-PA	0.869781	NA	0.109552	1	ACOM029122-PA
CUFF.9511.1_2+	0.869781	NA	0.104317	1	CUFF.9511.1_2+,CUFF.9511.2_1+
ACOM033554-PA	0.869781	NA	0.101518	1	ACOM033554-PA,AGAP013427-PA,AGAP013427-RA_2+
CUFF.293.10_2+	0.869781	NA	0.101368	1	CUFF.293.10_2+,CUFF.293.11_1+,CUFF.293.12_3+,CUFF.293.4_3+,CUFF.293.6_2+,CUFF.293.8_2+,CUFF.293.9_3+
TCONS_00033640_1+	0.869781	NA	0.099307	1	TCONS_00033640_1+
AGAP005115-RA_3+	0.869781	NA	0.089620	1	AGAP005115-RA_3+
sp|Q12517|DCP1_YEAST	0.869781	NA	0.088597	1	sp|Q12517|DCP1_YEAST
AGAP006730-RA_2+	0.869781	NA	0.082604	1	AGAP006730-RA_2+,CUFF.2195.1_3+
CUFF.7323.1_2+	0.869781	NA	0.082563	1	CUFF.7323.1_2+,CUFF.7323.2_3+,CUFF.7323.3_2+,CUFF.7323.4_2+,CUFF.7323.5_3+,CUFF.7323.6_2+,CUFF.7323.7_1+,CUFF.7323.8_1+
AGAP008639-RA_3+	0.869781	NA	0.080847	1	AGAP008639-RA_3+
CUFF.6889.2_2+	0.869781	NA	0.080081	1	CUFF.6889.2_2+
ACOM033392-PA	0.869781	NA	0.077069	1	ACOM033392-PA,AGAP004066-PA,AGAP004066-RA_1+,CUFF.5775.1_3+,CUFF.5775.2_2+
AGAP003669-RA_3+	0.869781	NA	0.072081	1	AGAP003669-RA_3+
sp|Q04231|RAD33_YEAST	0.869781	NA	0.071979	1	sp|Q04231|RAD33_YEAST
sp|P18480|SNF5_YEAST	0.869781	NA	0.070644	1	sp|P18480|SNF5_YEAST
sp|Q12013|AKR2_YEAST	0.869781	NA	0.068961	1	sp|Q12013|AKR2_YEAST
TCONS_00028398_3+	0.869781	NA	0.068463	1	TCONS_00028398_3+
ACOM037493-PA	0.869781	NA	0.059361	1	ACOM037493-PA
ACOM026096-PA	0.869781	NA	0.046847	1	ACOM026096-PA,AGAP005068-RA_3+,CUFF.681.1_2+
AGAP008340-PA	0.869781	NA	0.045967	1	AGAP008340-PA,CUFF.9864.1_1+
AGAP000298-RA_3+	0.869781	NA	0.045561	1	AGAP000298-RA_3+
TCONS_00031607_3+	0.869781	NA	0.042006	1	TCONS_00031607_3+
CUFF.10053.2_1+	0.869781	NA	0.040909	1	CUFF.10053.2_1+,CUFF.10053.3_3+,CUFF.10053.5_3+
ACOM027190-PA	0.869781	NA	0.033236	1	ACOM027190-PA,AGAP009143-PA,AGAP009143-PB,AGAP009143-RA_1+,CUFF.10802.1_1+,CUFF.10802.2_3+,CUFF.10802.3_2+,CUFF.10802.4_1+,CUFF.10802.6_1+
CUFF.930.1_2+	0.869781	NA	0.031721	1	CUFF.930.1_2+,CUFF.930.2_2+
AGAP006885-RA_3+	0.869781	NA	0.031492	1	AGAP006885-RA_3+,CUFF.2317.1_3+
AGAP013654-RA_3+	0.869781	NA	0.028782	1	AGAP013654-RA_3+
AGAP006748-RA_1+	0.869781	NA	0.023564	1	AGAP006748-RA_1+
AGAP000890-RA_3+	0.869781	NA	0.019452	1	AGAP000890-RA_3+,CUFF.17041.1_3+,CUFF.17041.2_1+
AGAP029516-PA	0.869781	NA	0.010164	1	AGAP029516-PA,CUFF.8705.10_2+,CUFF.8705.14_2+,CUFF.8705.1_2+,CUFF.8705.3_2+,CUFF.8705.5_2+,CUFF.8705.6_2+,CUFF.8705.7_2+,CUFF.8705.8_3+,CUFF.8705.9_2+
AGAP004693-PA	0.869781	NA	0.005348	1	AGAP004693-PA,AGAP004693-RA_1+
AGAP010158-RA_1+	0.869781	NA	0.004408	1	AGAP010158-RA_1+,CUFF.12004.1_2+
ACOM034771-PA	0.869781	NA	0.002646	1	ACOM034771-PA,AGAP013193-RA_1+,AGAP029103-PA,CUFF.5577.1_1+,CUFF.5577.2_3+,CUFF.5577.3_1+,CUFF.5577.4_2+
TCONS_00031490_1+	0.869781	NA	-0.001021	1	TCONS_00031490_1+
sp|Q03654|CEF1_YEAST	0.869781	NA	-0.012913	1	sp|Q03654|CEF1_YEAST
ACOM035731-PA	0.869781	NA	-0.013875	1	ACOM035731-PA
ACOM033092-PA	0.869781	NA	-0.014670	1	ACOM033092-PA,AGAP004246-RB_1+,CUFF.5914.3_1+,CUFF.5914.4_2+
AGAP011835-RA_2+	0.869781	NA	-0.019918	1	AGAP011835-RA_2+,CUFF.8787.1_2+
CUFF.2612.1_3+	0.869781	NA	-0.022625	1	CUFF.2612.1_3+,CUFF.2612.2_1+
CUFF.10863.1_3+	0.869781	NA	-0.025605	1	CUFF.10863.1_3+,CUFF.10863.2_3+,CUFF.10863.3_2+,CUFF.10863.4_3+,CUFF.10863.5_1+,CUFF.10863.6_1+,CUFF.10863.7_3+,CUFF.10863.9_3+
ACOM043136-PA	0.869781	NA	-0.032874	1	ACOM043136-PA,AGAP001174-PA,AGAP001174-RA_3+
AGAP007844-RA_2+	0.869781	NA	-0.033079	1	AGAP007844-RA_2+,CUFF.9493.1_3+
ACOM032317-PA	0.869781	NA	-0.039888	1	ACOM032317-PA,AGAP009451-PA,AGAP009451-RA_1+
AGAP005508-RA_3+	0.869781	NA	-0.041001	1	AGAP005508-RA_3+,AGAP005508-RB_3+,AGAP005508-RC_3+,CUFF.1190.10_3+,CUFF.1190.1_3+,CUFF.1190.2_1+,CUFF.1190.3_3+,CUFF.1190.4_2+,CUFF.1190.5_3+,CUFF.1190.6_2+,CUFF.1190.7_3+,CUFF.1190.9_3+
CUFF.16541.2_3+	0.869781	NA	-0.046230	1	CUFF.16541.2_3+
ACOM029408-PA	0.869781	NA	-0.046401	1	ACOM029408-PA,AGAP009990-PA,CUFF.11859.1_1+,CUFF.11859.3_2+
CUFF.10243.2_1+	0.869781	NA	-0.046706	1	CUFF.10243.2_1+,CUFF.10243.3_1+
CUFF.707.5_2+	0.869781	NA	-0.051329	1	CUFF.707.5_2+,CUFF.707.6_3+
ACOM040146-PA	0.869781	NA	-0.054187	1	ACOM040146-PA,AGAP000137-PA,AGAP000137-RA_1+,CUFF.16020.1_2+,CUFF.16020.2_1+,CUFF.16020.3_1+,CUFF.16020.4_2+,CUFF.16020.5_2+,CUFF.16020.6_2+
CUFF.8821.1_2+	0.869781	NA	-0.059187	1	CUFF.8821.1_2+,CUFF.8821.2_2+,CUFF.8821.3_1+,CUFF.8821.4_2+,CUFF.8821.5_2+
AGAP004508-RA_3+	0.869781	NA	-0.074676	1	AGAP004508-RA_3+
CUFF.2103.1_1+	0.869781	NA	-0.074852	1	CUFF.2103.1_1+,CUFF.2103.2_1+,CUFF.2103.3_2+,CUFF.2103.4_1+,CUFF.2103.5_3+,CUFF.2103.6_3+
ACOM037473-PA	0.869781	NA	-0.076852	1	ACOM037473-PA,AGAP002916-PA,AGAP002916-RA_1+,CUFF.4584.1_2+,CUFF.4584.2_2+,CUFF.4584.3_3+
CUFF.3887.2_2+	0.869781	NA	-0.085014	1	CUFF.3887.2_2+
CUFF.2714.10_1+	0.869781	NA	-0.086678	1	CUFF.2714.10_1+,CUFF.2714.1_3+,CUFF.2714.2_1+,CUFF.2714.3_3+,CUFF.2714.4_2+,CUFF.2714.5_1+,CUFF.2714.9_1+
AGAP000425-PA	0.869781	NA	-0.089881	1	AGAP000425-PA,AGAP000425-RA_3+
ACOM025745-PA	0.869781	NA	-0.089964	1	ACOM025745-PA,AGAP007511-PA,AGAP007511-RA_1+
AGAP005330-RA_3+	0.869781	NA	-0.090816	1	AGAP005330-RA_3+
AGAP003546-RA_3+	0.869781	NA	-0.092279	2	AGAP003546-RA_3+,AGAP003546-RC_3+,CUFF.5226.10_2+,CUFF.5226.11_3+,CUFF.5226.12_3+,CUFF.5226.13_2+,CUFF.5226.16_2+,CUFF.5226.1_2+,CUFF.5226.3_3+,CUFF.5226.6_3+
AGAP007016-RA_2+	0.869781	NA	-0.092418	1	AGAP007016-RA_2+
CUFF.2065.1_1+	0.869781	NA	-0.094883	1	CUFF.2065.1_1+,CUFF.2065.2_1+,CUFF.2065.3_2+,CUFF.2065.4_2+,CUFF.2065.5_3+,CUFF.2065.6_3+
TCONS_00007385_1+	0.869781	NA	-0.100676	1	TCONS_00007385_1+,TCONS_00007386_3+,TCONS_00007387_2+
CUFF.2732.1_1+	0.869781	NA	-0.104040	1	CUFF.2732.1_1+,CUFF.2732.4_1+,CUFF.2732.5_2+
TCONS_00011281_1+	0.869781	NA	-0.105366	1	TCONS_00011281_1+
CUFF.3074.1_1+	0.869781	NA	-0.106147	1	CUFF.3074.1_1+,CUFF.3074.2_1+
AGAP001700-RA_3+	0.869781	NA	-0.110409	1	AGAP001700-RA_3+,CUFF.3448.1_3+
AGAP001341-RA_1+	0.869781	NA	-0.111779	1	AGAP001341-RA_1+,CUFF.3155.1_2+
sp|P27999|RPB9_YEAST	0.869781	NA	-0.114806	1	sp|P27999|RPB9_YEAST
AGAP005606-RA_1+	0.869781	NA	-0.115328	1	AGAP005606-RA_1+,CUFF.1144.2_1+,CUFF.1144.3_1+,CUFF.1144.4_1+,CUFF.1144.5_1+
ACOM029108-PA	0.869781	NA	-0.115998	1	ACOM029108-PA,AGAP008683-PA,AGAP008683-RA_1+,CUFF.10303.1_1+,CUFF.10303.2_1+
ACOM039952-PA	0.869781	NA	-0.117156	1	ACOM039952-PA,AGAP006266-PA,AGAP006266-RA_1+,CUFF.1895.1_1+,CUFF.1895.4_1+
AGAP005106-PA	0.869781	NA	-0.124534	1	AGAP005106-PA,AGAP005106-PB,AGAP005106-RA_2+,AGAP005106-RB_2+,CUFF.729.1_3+
AGAP006229-RA_2+	0.869781	NA	-0.129023	1	AGAP006229-RA_2+,CUFF.1786.1_3+
CUFF.9401.1_1+	0.869781	NA	-0.130464	1	CUFF.9401.1_1+,CUFF.9401.2_1+,CUFF.9401.3_2+,CUFF.9401.4_2+,CUFF.9401.5_3+
ACOM027054-PA	0.869781	NA	-0.135919	1	ACOM027054-PA,AGAP028565-PA,TCONS_00027766_1+
ACOM041516-PA	0.869781	NA	-0.137282	1	ACOM041516-PA,AGAP011449-PA,AGAP011449-RA_3+,CUFF.8237.1_1+
ACOM038431-PA	0.869781	NA	-0.141229	1	ACOM038431-PA,AGAP004745-PA,AGAP004745-PB,AGAP004745-RA_2+,AGAP004745-RB_2+,CUFF.275.1_1+
sp|P40343|VPS27_YEAST	0.869781	NA	-0.157390	1	sp|P40343|VPS27_YEAST
AGAP012636-RA_2+	0.869781	NA	-0.159388	1	AGAP012636-RA_2+,CUFF.12313.1_3+,CUFF.13942.1_3+
AGAP010585-RA_2+	0.869781	NA	-0.165803	1	AGAP010585-RA_2+,CUFF.7099.1_2+,CUFF.7099.2_2+,CUFF.7099.3_3+
ACOM038445-PA	0.869781	NA	-0.169688	1	ACOM038445-PA,AGAP004751-PA,AGAP004751-RA_1+,CUFF.292.1_1+
TCONS_00039546_3+	0.869781	NA	-0.171199	1	TCONS_00039546_3+
CUFF.1971.1_3+	0.869781	NA	-0.181206	1	CUFF.1971.1_3+
AGAP007303-RA_1+	0.869781	NA	-0.181746	1	AGAP007303-RA_1+
ACOM026547-PA	0.869781	NA	-0.185032	1	ACOM026547-PA,AGAP012121-PA,AGAP012121-RA_1+
AGAP029328-PA	0.869781	NA	-0.192884	1	AGAP029328-PA
AGAP009554-RA_1+	0.869781	NA	-0.199682	1	AGAP009554-RA_1+,AGAP029897-PA,AGAP029897-PB,AGAP029897-PC,AGAP029897-PD,CUFF.11344.17_1+,CUFF.11344.1_1+,CUFF.11344.6_1+,CUFF.11344.7_1+,CUFF.11344.8_1+
AGAP010174-RA_3+	0.869781	NA	-0.201279	1	AGAP010174-RA_3+
AGAP027981-PA	0.869781	NA	-0.207167	1	AGAP027981-PA,AGAP027981-RA_1+
CUFF.16055.2_3+	0.869781	NA	-0.209284	1	CUFF.16055.2_3+
AGAP001786-RA_3+	0.869781	NA	-0.217433	1	AGAP001786-RA_3+
AGAP002132-RA_2+	0.869781	NA	-0.217620	1	AGAP002132-RA_2+,CUFF.3868.1_3+
ACOM028733-PA	0.869781	NA	-0.220410	1	ACOM028733-PA,AGAP012922-PA,AGAP012922-RA_1+,CUFF.15503.2_1+
CUFF.11299.1_1+	0.869781	NA	-0.224292	1	CUFF.11299.1_1+,CUFF.11299.2_3+,CUFF.11299.3_3+,CUFF.11299.5_3+,CUFF.11299.6_1+,CUFF.11299.8_2+
AGAP005175-RA_2+	0.869781	NA	-0.232520	1	AGAP005175-RA_2+,AGAP005175-RB_2+,CUFF.826.2_3+,CUFF.826.3_3+,CUFF.826.5_3+,CUFF.826.6_2+,CUFF.826.7_1+,CUFF.826.8_1+
TCONS_00011281_3+	0.869781	NA	-0.233425	1	TCONS_00011281_3+
ACOM041968-PA	0.869781	NA	-0.235938	1	ACOM041968-PA
sp|P10664|RL4A_YEAST	0.869781	NA	-0.245941	1	sp|P10664|RL4A_YEAST,sp|P49626|RL4B_YEAST
CUFF.10225.1_3+	0.869781	NA	-0.247312	1	CUFF.10225.1_3+,CUFF.10225.2_2+,CUFF.10225.3_2+,CUFF.10225.4_1+,CUFF.10225.5_3+,CUFF.10225.6_1+,CUFF.10225.7_1+,CUFF.10225.8_2+
ACOM030454-PA	0.869781	NA	-0.251172	1	ACOM030454-PA,AGAP008149-PA,AGAP008149-RA_2+
CUFF.4143.1_1+	0.869781	NA	-0.262224	1	CUFF.4143.1_1+
AGAP009806-RA_3+	0.869781	NA	-0.262620	1	AGAP009806-RA_3+,CUFF.11650.1_2+,CUFF.11650.3_2+
AGAP003194-RA_3+	0.869781	NA	-0.263583	1	AGAP003194-RA_3+,AGAP003194-RB_1+,CUFF.4889.3_1+
sp|Q02457|TBF1_YEAST	0.869781	NA	-0.268334	1	sp|Q02457|TBF1_YEAST
ACOM038878-PA	0.869781	NA	-0.270113	1	ACOM038878-PA
ACOM029970-PA	0.869781	NA	-0.274164	1	ACOM029970-PA,AGAP027984-PA,AGAP027984-RA_1+,CUFF.9987.1_1+
AGAP005017-RA_3+	0.869781	NA	-0.277193	1	AGAP005017-RA_3+
AGAP008183-RA_2+	0.869781	NA	-0.277306	1	AGAP008183-RA_2+,CUFF.9734.1_1+
CUFF.2690.1_3+	0.869781	NA	-0.289159	1	CUFF.2690.1_3+,CUFF.2690.2_3+,CUFF.2690.3_1+,CUFF.2690.4_1+,CUFF.2690.5_1+,CUFF.2690.6_3+,CUFF.2690.7_1+,CUFF.2690.8_3+
AGAP002758-RA_3+	0.869781	NA	-0.289813	1	AGAP002758-RA_3+,CUFF.4452.1_3+
ACOM026246-PA	0.869781	NA	-0.291246	1	ACOM026246-PA
sp|P50107|LGUL_YEAST	0.869781	NA	-0.299079	1	sp|P50107|LGUL_YEAST
CUFF.5139.1_3+	0.869781	NA	-0.304757	1	CUFF.5139.1_3+,CUFF.5209.4_1+
sp|P35845|OSH1_YEAST	0.869781	NA	-0.309184	1	sp|P35845|OSH1_YEAST
ACOM030126-PA	0.869781	NA	-0.312648	1	ACOM030126-PA
TCONS_00039534_3+	0.869781	NA	-0.313981	1	TCONS_00039534_3+
CUFF.17038.1_2+	0.869781	NA	-0.314199	1	CUFF.17038.1_2+,CUFF.17038.2_2+,CUFF.17038.3_1+,CUFF.17038.4_2+,CUFF.17038.5_2+
AGAP003231-RA_3+	0.869781	NA	-0.316517	1	AGAP003231-RA_3+
CUFF.1077.1_1+	0.869781	NA	-0.318820	1	CUFF.1077.1_1+,CUFF.1077.2_2+,CUFF.1077.3_2+,CUFF.1077.4_3+
AGAP001938-RA_3+	0.869781	NA	-0.319184	1	AGAP001938-RA_3+,CUFF.3659.1_1+,CUFF.3659.2_3+
AGAP004636-RA_2+	0.869781	NA	-0.323174	1	AGAP004636-RA_2+,CUFF.6550.1_3+,CUFF.6550.2_3+,CUFF.6550.3_1+
AGAP002828-RA_3+	0.869781	NA	-0.325541	1	AGAP002828-RA_3+
CUFF.1922.1_1+	0.869781	NA	-0.326635	1	CUFF.1922.1_1+,CUFF.1922.2_3+
CUFF.16880.1_3+	0.869781	NA	-0.336161	1	CUFF.16880.1_3+
ACOM030970-PA	0.869781	NA	-0.336676	1	ACOM030970-PA,AGAP007823-PA,AGAP007823-RA_1+,CUFF.9456.1_3+,CUFF.9456.2_3+
sp|P32469|DPH5_YEAST	0.869781	NA	-0.345707	1	sp|P32469|DPH5_YEAST
AGAP012977-RA_2+	0.869781	NA	-0.353164	1	AGAP012977-RA_2+,CUFF.5848.1_2+
CUFF.3480.1_3+	0.869781	NA	-0.354610	1	CUFF.3480.1_3+,CUFF.3480.2_3+
AGAP011650-RA_2+	0.869781	NA	-0.355821	1	AGAP011650-RA_2+,CUFF.8548.1_1+
CUFF.2916.1_1+	0.869781	NA	-0.363265	1	CUFF.2916.1_1+,CUFF.2916.2_2+
CUFF.7599.1_2+	0.869781	NA	-0.368356	1	CUFF.7599.1_2+
AGAP006711-RA_3+	0.869781	NA	-0.384351	1	AGAP006711-RA_3+
CUFF.5242.2_2+	0.869781	NA	-0.387368	1	CUFF.5242.2_2+,CUFF.5242.7_2+,CUFF.5242.8_2+
AGAP000614-RA_2+	0.869781	NA	-0.389302	1	AGAP000614-RA_2+,CUFF.16500.1_1+,CUFF.16500.2_2+
AGAP000659-PA	0.869781	NA	-0.395818	1	AGAP000659-PA,AGAP000659-RA_1+
CUFF.11706.1_1+	0.869781	NA	-0.402012	1	CUFF.11706.1_1+
CUFF.7258.1_2+	0.869781	NA	-0.411416	1	CUFF.7258.1_2+,CUFF.7258.2_1+,CUFF.7258.3_1+
AGAP006115-RA_3+	0.869781	NA	-0.417152	1	AGAP006115-RA_3+,AGAP006115-RB_3+,CUFF.1658.10_1+,CUFF.1658.11_2+,CUFF.1658.12_2+,CUFF.1658.14_3+,CUFF.1658.1_3+,CUFF.1658.2_1+,CUFF.1658.3_1+,CUFF.1658.4_2+,CUFF.1658.5_3+,CUFF.1658.6_3+,CUFF.1658.9_2+
ACOM036937-PA	0.869781	NA	-0.427799	1	ACOM036937-PA,AGAP002474-PA,AGAP002474-RA_1+
CUFF.4074.1_2+	0.869781	NA	-0.431255	1	CUFF.4074.1_2+,CUFF.4074.2_2+,CUFF.4074.3_2+
CUFF.16395.1_3+	0.869781	NA	-0.434740	1	CUFF.16395.1_3+,CUFF.16395.2_1+
CUFF.12165.1_2+	0.869781	NA	-0.436396	1	CUFF.12165.1_2+
sp|P38340|NTM1_YEAST	0.869781	NA	-0.444731	1	sp|P38340|NTM1_YEAST
AGAP007573-PA	0.869781	NA	-0.446660	1	AGAP007573-PA,AGAP007573-RA_1+,CUFF.2832.1_3+,CUFF.2832.2_3+,CUFF.2832.3_3+,CUFF.2832.4_3+,CUFF.2832.5_3+
AGAP007722-RA_2+	0.869781	NA	-0.448971	1	AGAP007722-RA_2+,CUFF.2960.1_1+,CUFF.2960.2_2+,CUFF.2960.3_1+,CUFF.2960.4_3+
ACOM026479-PA	0.869781	NA	-0.451032	1	ACOM026479-PA
TCONS_00004580_3+	0.869781	NA	-0.458878	1	TCONS_00004580_3+
AGAP010198-RA_2+	0.869911	NA	-0.470773	1	AGAP010198-RA_2+,CUFF.12104.1_3+,CUFF.12104.2_1+
CUFF.10867.1_2+	0.874257	NA	-0.494986	1	CUFF.10867.1_2+
AGAP007605-RA_3+	0.874257	NA	-0.499241	1	AGAP007605-RA_3+,CUFF.2926.1_3+,CUFF.2926.2_1+,CUFF.2926.3_1+,CUFF.2926.4_3+,CUFF.2926.5_1+,CUFF.2926.6_2+,CUFF.2926.7_1+,CUFF.2926.8_3+
CUFF.3224.1_1+	0.874257	NA	-0.501783	1	CUFF.3224.1_1+
ACOM035576-PA	0.874382	NA	-0.511793	1	ACOM035576-PA,AGAP003138-PA,AGAP003138-RA_1+,CUFF.4789.1_3+
TCONS_00011500_3+	0.874414	NA	-0.527777	1	TCONS_00011500_3+
CUFF.8696.1_1+	0.874414	NA	-0.534660	1	CUFF.8696.1_1+,CUFF.8696.2_2+,CUFF.8696.3_3+,CUFF.8696.4_3+,CUFF.8696.5_1+
sp|Q03834|MSH6_YEAST	0.874414	NA	-0.540788	1	sp|Q03834|MSH6_YEAST
CUFF.17526.1_1+	0.874414	NA	-0.541332	1	CUFF.17526.1_1+,CUFF.17526.2_1+
AGAP009135-RA_3+	0.874414	NA	-0.550080	1	AGAP009135-RA_3+,CUFF.10746.1_1+
CUFF.7681.3_2+	0.874414	NA	-0.565923	1	CUFF.7681.3_2+,CUFF.7681.4_1+,CUFF.7681.5_1+,CUFF.7681.6_3+,CUFF.7681.7_1+,CUFF.7681.8_2+
ACOM040453-PA	0.874414	NA	-0.587560	1	ACOM040453-PA,AGAP009008-PA,AGAP009008-RA_1+,CUFF.10557.1_1+
ACOM031203-PA	0.874414	NA	-0.594771	1	ACOM031203-PA
ACOM025630-PA	0.874414	NA	-0.599679	1	ACOM025630-PA,AGAP007377-PA,AGAP007377-PB,AGAP007377-RA_1+,CUFF.2735.1_1+,CUFF.2735.2_1+,CUFF.2735.3_1+,CUFF.2735.4_3+,CUFF.2735.5_3+,CUFF.2735.6_1+,CUFF.2735.7_3+,CUFF.2735.8_1+
ACOM023350-PA	0.874414	NA	-0.605446	1	ACOM023350-PA,AGAP006728-PA,AGAP006728-RA_1+,CUFF.2184.2_2+
AGAP012971-RA_3+	0.874414	NA	-0.608478	1	AGAP012971-RA_3+
ACOM035857-PA	0.874414	NA	-0.615265	1	ACOM035857-PA,AGAP003315-PA,AGAP003315-RA_2+
CUFF.5777.8_1+	0.874414	NA	-0.620672	1	CUFF.5777.8_1+
AGAP002613-RA_2+	0.874414	NA	-0.640104	1	AGAP002613-RA_2+
CUFF.5920.1_1+	0.874414	NA	-0.642971	1	CUFF.5920.1_1+
AGAP001979-PA	0.874414	NA	-0.666665	1	AGAP001979-PA,AGAP001979-RA_1+,CUFF.3818.1_1+,CUFF.3818.2_1+,CUFF.3818.3_1+
ACOM030362-PA	0.874414	NA	-0.671829	1	ACOM030362-PA,AGAP008202-PA,AGAP008202-RA_1+,CUFF.9781.1_3+,CUFF.9781.2_2+,CUFF.9781.3_3+,CUFF.9781.5_3+
ACOM023688-PA	0.874414	NA	-0.674877	1	ACOM023688-PA,AGAP001899-PA,AGAP001899-RA_1+
AGAP002215-RA_2+	0.874414	NA	-0.675044	1	AGAP002215-RA_2+,CUFF.4000.2_2+,CUFF.4000.4_2+
AGAP008657-RA_3+	0.874414	NA	-0.677182	1	AGAP008657-RA_3+,CUFF.10226.1_3+
ACOM038717-PA	0.874414	NA	-0.682873	1	ACOM038717-PA,AGAP000331-PA,AGAP000331-PB,AGAP000331-RA_1+,CUFF.16256.1_1+,CUFF.16256.2_1+,CUFF.16256.3_3+,CUFF.16256.4_2+
CUFF.8854.1_3+	0.874414	NA	-0.684954	1	CUFF.8854.1_3+
AGAP000167-RA_1+	0.874414	NA	-0.695977	1	AGAP000167-RA_1+
ACOM024897-PA	0.874414	NA	-0.705900	1	ACOM024897-PA
AGAP005114-PB	0.874414	NA	-0.718716	1	AGAP005114-PB,AGAP005114-RB_1+,CUFF.806.3_1+
AGAP010028-RA_2+	0.874414	NA	-0.727870	1	AGAP010028-RA_2+
CUFF.16881.1_3+	0.874414	NA	-0.730149	1	CUFF.16881.1_3+,CUFF.16881.2_3+
AGAP000520-PA	0.874414	NA	-0.736006	1	AGAP000520-PA,AGAP000520-RA_1+,CUFF.16437.1_2+
ACOM036434-PA	0.874414	NA	-0.743005	1	ACOM036434-PA,AGAP002739-PA,AGAP002739-RA_1+,CUFF.4542.1_3+,CUFF.4542.2_2+
ACOM025709-PA	0.874414	NA	-0.757175	1	ACOM025709-PA,AGAP007488-RA_1+,AGAP029809-PA,CUFF.2805.1_3+
CUFF.2837.1_2+	0.874414	NA	-0.770952	1	CUFF.2837.1_2+,CUFF.2837.2_1+,CUFF.2837.3_1+,CUFF.2837.4_3+
CUFF.6070.1_1+	0.874414	NA	-0.775201	1	CUFF.6070.1_1+
AGAP001732-RA_2+	0.874414	NA	-0.777735	1	AGAP001732-RA_2+
TCONS_00000045_3+	0.874414	NA	-0.781822	1	TCONS_00000045_3+,TCONS_00014890_2+,TCONS_00028309_3+,TCONS_00032101_3+,TCONS_00033576_1+,TCONS_00033597_1+,TCONS_00034037_3+,TCONS_00034111_3+,TCONS_00034507_2+,TCONS_00034524_2+,TCONS_00034894_2+,TCONS_00039130_2+,TCONS_00039131_3+,TCONS_00039132_1+
sp|Q06648|GIC2_YEAST	0.874414	NA	-0.783203	1	sp|Q06648|GIC2_YEAST
CUFF.2281.1_3+	0.874414	NA	-0.784166	1	CUFF.2281.1_3+,CUFF.2281.6_3+
CUFF.6745.2_2+	0.874414	NA	-0.798653	1	CUFF.6745.2_2+,CUFF.6745.3_2+,CUFF.6745.4_2+
CUFF.6089.1_1+	0.874414	NA	-0.803280	1	CUFF.6089.1_1+,CUFF.6089.2_1+,CUFF.6089.3_3+,CUFF.6089.4_3+,CUFF.6089.5_3+,CUFF.6089.6_1+,CUFF.6089.7_2+
AGAP002397-RA_3+	0.874414	NA	-0.812557	1	AGAP002397-RA_3+,CUFF.4126.1_1+,CUFF.4126.2_3+,CUFF.4126.3_3+
CUFF.10018.2_3+	0.874414	NA	-0.816407	1	CUFF.10018.2_3+,CUFF.10018.4_3+,CUFF.10018.7_3+
CUFF.5242.2_3+	0.874414	NA	-0.832836	1	CUFF.5242.2_3+,CUFF.5242.7_3+,CUFF.5242.8_3+
CUFF.10109.1_1+	0.874414	NA	-0.837964	1	CUFF.10109.1_1+
AGAP001949-RA_3+	0.874414	NA	-0.846106	1	AGAP001949-RA_3+
CUFF.2907.10_3+	0.874414	NA	-0.861182	1	CUFF.2907.10_3+,CUFF.2907.11_3+,CUFF.2907.13_3+,CUFF.2907.14_1+,CUFF.2907.15_1+,CUFF.2907.16_3+,CUFF.2907.17_3+,CUFF.2907.18_3+,CUFF.2907.20_3+,CUFF.2907.4_3+,CUFF.2907.5_1+,CUFF.2907.6_1+,CUFF.2907.7_3+,CUFF.2907.9_3+
CUFF.4109.1_1+	0.874414	NA	-0.882229	1	CUFF.4109.1_1+
CUFF.8654.2_3+	0.874414	NA	-0.891873	1	CUFF.8654.2_3+
AGAP011120-RA_2+	0.874414	NA	-0.899874	1	AGAP011120-RA_2+,CUFF.7898.1_1+,CUFF.7898.2_1+,CUFF.7898.3_1+,CUFF.7898.5_1+
CUFF.10893.3_3+	0.874414	NA	-0.940029	1	CUFF.10893.3_3+
CUFF.4374.1_3+	0.874414	NA	-0.942025	1	CUFF.4374.1_3+,CUFF.4374.2_3+,CUFF.4374.3_1+,CUFF.4374.4_1+
CUFF.11222.1_1+	0.874414	NA	-0.947244	1	CUFF.11222.1_1+
AGAP006019-RA_3+	0.874414	NA	-0.971458	1	AGAP006019-RA_3+
AGAP011528-RA_2+	0.874414	NA	-0.974961	1	AGAP011528-RA_2+,CUFF.8384.1_2+,CUFF.8384.2_3+,CUFF.8384.3_2+,CUFF.8384.4_3+
ACOM025653-PA	0.874414	NA	-0.984852	1	ACOM025653-PA,AGAP007388-PA,AGAP007388-RA_1+,CUFF.2708.1_1+,CUFF.2708.2_1+
CUFF.5884.1_1+	0.874414	NA	-0.993739	1	CUFF.5884.1_1+,CUFF.5884.2_2+
CUFF.8586.10_1+	0.874414	NA	-0.996607	1	CUFF.8586.10_1+,CUFF.8586.11_1+,CUFF.8586.12_3+,CUFF.8586.13_3+,CUFF.8586.2_1+,CUFF.8586.4_3+,CUFF.8586.9_1+
CUFF.16235.1_3+	0.874414	NA	-1.006659	1	CUFF.16235.1_3+,CUFF.16235.2_2+,CUFF.16235.3_2+,CUFF.16235.4_2+,CUFF.16235.5_1+,CUFF.16235.6_2+,CUFF.16235.7_1+
sp|P40309|KHA1_YEAST	0.875468	NA	-1.073804	1	sp|P40309|KHA1_YEAST
ACOM034550-PA	0.876279	NA	-1.113528	1	ACOM034550-PA,AGAP001700-PA,AGAP001700-RA_1+,CUFF.3448.1_1+
ACOM034166-PA	0.876279	NA	-1.133074	1	ACOM034166-PA,AGAP001454-PA,AGAP001454-RA_3+
CUFF.15954.3_2+	0.876279	NA	-1.134154	1	CUFF.15954.3_2+
ACOM040000-PA	0.876279	NA	-1.170568	1	ACOM040000-PA
sp|Q99271|NAH1_YEAST	0.876279	NA	-1.211763	1	sp|Q99271|NAH1_YEAST
ACOM036390-PA	0.876279	NA	-1.253752	1	ACOM036390-PA
AGAP000671-RA_3+	0.876279	NA	-1.257628	1	AGAP000671-RA_3+,CUFF.16611.1_3+
ACOM033849-PA	0.879406	NA	-1.506982	1	ACOM033849-PA,AGAP001244-PA,AGAP001244-RA_1+
TCONS_00004002_3+	0.879406	NA	-1.526276	1	TCONS_00004002_3+,TCONS_00004003_1+,TCONS_00004004_2+,TCONS_00004005_2+,TCONS_00033553_2+
CUFF.9897.1_1+	0.879406	NA	-1.575701	1	CUFF.9897.1_1+
AGAP002906-RA_2+	0.879630	NA	-1.655825	1	AGAP002906-RA_2+,CUFF.1012.1_1+
AGAP008883-RA_1+	0.879630	NA	-1.716152	1	AGAP008883-RA_1+
CUFF.11983.1_2+	0.879852	NA	-2.000197	1	CUFF.11983.1_2+,CUFF.11983.2_2+,CUFF.13982.1_2+,CUFF.13982.2_2+
AGAP000727-PA	0.879852	NA	-2.004010	1	AGAP000727-PA,AGAP000727-RA_1+,CUFF.16747.1_2+,CUFF.16747.2_3+,CUFF.16747.3_1+,CUFF.16747.4_3+,CUFF.16747.5_1+,CUFF.16747.6_1+,CUFF.16747.7_3+,CUFF.16747.9_3+
